"Timestamp","SubscriptionId","SubscriptionName","TenantId","VaultName","VaultResourceId","ResourceGroupName","Location","VaultSku","EnableSoftDelete","EnablePurgeProtection","SoftDeleteRetentionDays","AccessModel","RbacEnabled","AccessPoliciesCount","RoleAssignmentsCount","RoleAssignmentsResolved","HasPrivateEndpoints","PrivateEndpointIds","PrivateEndpointCount","FirewallEnabled","AllowedIps","HasDiagnostics","DiagnosticSettings","DiagnosticDestinations","SecretsCount","CertificatesCount","KeysCount","TotalAssets","RecentlyRotatedCount","ManualRotationNeeded","NeverRotated","SecurityGapsCount","SecurityGapsSummary","QuickWinsCount","QuickWinsSummary","ComplianceScore","VaultScore","CISComplianceScore","NISTComplianceScore","ISOComplianceScore","MSComplianceScore","RiskLevel","PolicyCount","PolicyNames","ManagedIdentityType","ManagedIdentityIds","ManagedIdentityResolved","ResourceLockTypes","NetworkIpRules","NetworkVNetRuleIds","DiagnosticDestinationNames","SkuName","SecretRotationMostRecent","KeyRotationMostRecent","PermissionIssuesCount","Tags","JsonFilePath"
"2025-10-22T20:39:47.8479324-04:00","dc8b9d9c-0cf9-446c-9177-12921182f54a","1ci-preprod-metrics","","kv-adx-access","/subscriptions/dc8b9d9c-0cf9-446c-9177-12921182f54a/resourceGroups/rg-1ci-metrics-data-analytics/providers/Microsoft.KeyVault/vaults/kv-adx-access","rg-1ci-metrics-data-analytics","westus","","False","False","","RBAC","True","0","135","""""","True","","0","False","","True","","","0","0","0","0","0","0","0","0","","0","","100","100","0","0","0","0","Low Medium High","0","","","","NotReadable","","","","Microsoft.EventHub/Namespaces/AuthorizationRules:RootManageSharedAccessKey","NotReadable","NotReadable","NotReadable","0","{}","C:\Users\cregnier\OneDrive - Intel Corporation\Documents\KeyVaultGapAnalysis\VaultJson\dc8b9d9c-0cf9-446c-9177-12921182f54a_kv-adx-access.json"
"2025-10-22T20:39:47.8983529-04:00","dc8b9d9c-0cf9-446c-9177-12921182f54a","1ci-preprod-metrics","","kv-pre-ghacts-clctr","/subscriptions/dc8b9d9c-0cf9-446c-9177-12921182f54a/resourceGroups/rg_ghactions-metrics-collector/providers/Microsoft.KeyVault/vaults/kv-pre-ghacts-clctr","rg_ghactions-metrics-collector","westus2","","False","False","","AccessPolicies","False","2","134","""""","False","","0","False","","True","","","0","0","0","0","0","0","0","1","Medium: Public network access enabled without private endpoints","5","Migrate to RBAC","100","100","0","0","0","0","Low Medium High","0","","","","NotReadable","","","","Microsoft.EventHub/Namespaces/AuthorizationRules:RootManageSharedAccessKey","NotReadable","NotReadable","NotReadable","0","{}","C:\Users\cregnier\OneDrive - Intel Corporation\Documents\KeyVaultGapAnalysis\VaultJson\dc8b9d9c-0cf9-446c-9177-12921182f54a_kv-pre-ghacts-clctr.json"
"2025-10-22T20:39:48.0104826-04:00","9590a312-8cb4-433b-bf12-8897052f5d02","1ci-prod-metrics","","kv-azure2cyberark","/subscriptions/9590a312-8cb4-433b-bf12-8897052f5d02/resourceGroups/rg_azure2cyberark/providers/Microsoft.KeyVault/vaults/kv-azure2cyberark","rg_azure2cyberark","westus","","False","False","","Unknown","False","0","0","""""","False","","0","False","","True","","","0","0","0","0","0","0","0","1","Critical: No access control configured","0","","85","85","0","0","0","0","Medium High","0","","","","NotReadable","","","","Microsoft.EventHub/Namespaces/AuthorizationRules:RootManageSharedAccessKey","NotReadable","NotReadable","NotReadable","0","{}","C:\Users\cregnier\OneDrive - Intel Corporation\Documents\KeyVaultGapAnalysis\VaultJson\9590a312-8cb4-433b-bf12-8897052f5d02_kv-azure2cyberark.json"
"2025-10-22T20:39:48.0185898-04:00","feff5c33-098d-41a4-b715-45431385fdb4","1Source Pre-Production","","SCM-InvKv-prewestus","/subscriptions/feff5c33-098d-41a4-b715-45431385fdb4/resourceGroups/1SCM_ResGroup_Inventory_pre_westus/providers/Microsoft.KeyVault/vaults/SCM-InvKv-prewestus","1SCM_ResGroup_Inventory_pre_westus","westus","","False","False","","Unknown","False","0","0","""""","False","","0","False","","True","","","0","0","0","0","0","0","0","1","Critical: No access control configured","0","","85","85","0","0","0","0","Medium High","0","","","","NotReadable","","","","Microsoft.EventHub/Namespaces/AuthorizationRules:RootManageSharedAccessKey","NotReadable","NotReadable","NotReadable","0","{}","C:\Users\cregnier\OneDrive - Intel Corporation\Documents\KeyVaultGapAnalysis\VaultJson\feff5c33-098d-41a4-b715-45431385fdb4_SCM-InvKv-prewestus.json"
"2025-10-22T20:39:48.0806785-04:00","feff5c33-098d-41a4-b715-45431385fdb4","1Source Pre-Production","","kvdevdiskencryptuswest","/subscriptions/feff5c33-098d-41a4-b715-45431385fdb4/resourceGroups/1SCM_Dev_VMs/providers/Microsoft.KeyVault/vaults/kvdevdiskencryptuswest","1SCM_Dev_VMs","westus","","False","False","","Unknown","False","0","0","""""","False","","0","False","","True","","","0","0","0","0","0","0","0","1","Critical: No access control configured","0","","85","85","0","0","0","0","Medium High","0","","","","NotReadable","","","","Microsoft.EventHub/Namespaces/AuthorizationRules:RootManageSharedAccessKey","NotReadable","NotReadable","NotReadable","0","{}","C:\Users\cregnier\OneDrive - Intel Corporation\Documents\KeyVaultGapAnalysis\VaultJson\feff5c33-098d-41a4-b715-45431385fdb4_kvdevdiskencryptuswest.json"
"2025-10-22T20:39:48.0925632-04:00","feff5c33-098d-41a4-b715-45431385fdb4","1Source Pre-Production","","SCM-SgKvprewestus","/subscriptions/feff5c33-098d-41a4-b715-45431385fdb4/resourceGroups/1SCM_ResGroup_pre_westus/providers/Microsoft.KeyVault/vaults/SCM-SgKvprewestus","1SCM_ResGroup_pre_westus","westus","","False","False","","Unknown","False","0","0","""""","False","","0","False","","True","","","0","0","0","0","0","0","0","1","Critical: No access control configured","0","","85","85","0","0","0","0","Medium High","0","","","","NotReadable","","","","Microsoft.EventHub/Namespaces/AuthorizationRules:RootManageSharedAccessKey","NotReadable","NotReadable","NotReadable","0","{}","C:\Users\cregnier\OneDrive - Intel Corporation\Documents\KeyVaultGapAnalysis\VaultJson\feff5c33-098d-41a4-b715-45431385fdb4_SCM-SgKvprewestus.json"
"2025-10-22T20:39:48.1039629-04:00","feff5c33-098d-41a4-b715-45431385fdb4","1Source Pre-Production","","onesrcprvault","/subscriptions/feff5c33-098d-41a4-b715-45431385fdb4/resourceGroups/1sprtrigger-test/providers/Microsoft.KeyVault/vaults/onesrcprvault","1sprtrigger-test","westus","","False","False","","Unknown","False","0","0","""""","False","","0","False","","True","","","0","0","0","0","0","0","0","1","Critical: No access control configured","0","","85","85","0","0","0","0","Medium High","0","","","","NotReadable","","","","Microsoft.EventHub/Namespaces/AuthorizationRules:RootManageSharedAccessKey","NotReadable","NotReadable","NotReadable","0","{}","C:\Users\cregnier\OneDrive - Intel Corporation\Documents\KeyVaultGapAnalysis\VaultJson\feff5c33-098d-41a4-b715-45431385fdb4_onesrcprvault.json"
"2025-10-22T20:39:48.2090940-04:00","feff5c33-098d-41a4-b715-45431385fdb4","1Source Pre-Production","","SCM-VMKv-prewestus","/subscriptions/feff5c33-098d-41a4-b715-45431385fdb4/resourceGroups/1SCM_ResGroup_pre_westus/providers/Microsoft.KeyVault/vaults/SCM-VMKv-prewestus","1SCM_ResGroup_pre_westus","westus","","False","False","","Unknown","False","0","0","""""","False","","0","False","","True","","","0","0","0","0","0","0","0","1","Critical: No access control configured","0","","85","85","0","0","0","0","Medium High","0","","","","NotReadable","","","","Microsoft.EventHub/Namespaces/AuthorizationRules:RootManageSharedAccessKey","NotReadable","NotReadable","NotReadable","0","{}","C:\Users\cregnier\OneDrive - Intel Corporation\Documents\KeyVaultGapAnalysis\VaultJson\feff5c33-098d-41a4-b715-45431385fdb4_SCM-VMKv-prewestus.json"
"2025-10-22T20:39:48.2174694-04:00","feff5c33-098d-41a4-b715-45431385fdb4","1Source Pre-Production","","kvdiskencryptuswest","/subscriptions/feff5c33-098d-41a4-b715-45431385fdb4/resourceGroups/1scm_resgroup_pre_westus/providers/Microsoft.KeyVault/vaults/kvdiskencryptuswest","1scm_resgroup_pre_westus","westus","","False","False","","Unknown","False","0","0","""""","False","","0","False","","True","","","0","0","0","0","0","0","0","1","Critical: No access control configured","0","","85","85","0","0","0","0","Medium High","0","","","","NotReadable","","","","Microsoft.EventHub/Namespaces/AuthorizationRules:RootManageSharedAccessKey","NotReadable","NotReadable","NotReadable","0","{}","C:\Users\cregnier\OneDrive - Intel Corporation\Documents\KeyVaultGapAnalysis\VaultJson\feff5c33-098d-41a4-b715-45431385fdb4_kvdiskencryptuswest.json"
"2025-10-22T20:39:48.2693083-04:00","feff5c33-098d-41a4-b715-45431385fdb4","1Source Pre-Production","","test-key-vault-fgalind1","/subscriptions/feff5c33-098d-41a4-b715-45431385fdb4/resourceGroups/DefaultResourceGroup-WUS/providers/Microsoft.KeyVault/vaults/test-key-vault-fgalind1","DefaultResourceGroup-WUS","eastus","","False","False","","Unknown","False","0","0","""""","False","","0","False","","True","","","0","0","0","0","0","0","0","1","Critical: No access control configured","0","","85","85","0","0","0","0","Medium High","0","","","","NotReadable","","","","Microsoft.EventHub/Namespaces/AuthorizationRules:RootManageSharedAccessKey","NotReadable","NotReadable","NotReadable","0","{}","C:\Users\cregnier\OneDrive - Intel Corporation\Documents\KeyVaultGapAnalysis\VaultJson\feff5c33-098d-41a4-b715-45431385fdb4_test-key-vault-fgalind1.json"
"2025-10-22T20:39:48.2775640-04:00","b6bebd3d-2ad2-4fd5-93c0-0986e7aa6928","1Source1DB - IGBN","","SCM-VMKv-prodwestus2","/subscriptions/b6bebd3d-2ad2-4fd5-93c0-0986e7aa6928/resourceGroups/1SCM_RESGROUP_PROD_WESTUS2/providers/Microsoft.KeyVault/vaults/SCM-VMKv-prodwestus2","1SCM_RESGROUP_PROD_WESTUS2","westus2","","False","False","","Unknown","False","0","0","""""","False","","0","False","","True","","","0","0","0","0","0","0","0","1","Critical: No access control configured","0","","85","85","0","0","0","0","Medium High","0","","","","NotReadable","","","","Microsoft.EventHub/Namespaces/AuthorizationRules:RootManageSharedAccessKey;Microsoft.OperationalInsights/workspaces:1SCM-KeyVault-All-Logs","NotReadable","NotReadable","NotReadable","0","{}","C:\Users\cregnier\OneDrive - Intel Corporation\Documents\KeyVaultGapAnalysis\VaultJson\b6bebd3d-2ad2-4fd5-93c0-0986e7aa6928_SCM-VMKv-prodwestus2.json"
"2025-10-22T20:39:48.3307696-04:00","b6bebd3d-2ad2-4fd5-93c0-0986e7aa6928","1Source1DB - IGBN","","SCM-SpKvprodwestus","/subscriptions/b6bebd3d-2ad2-4fd5-93c0-0986e7aa6928/resourceGroups/1SCM_ResGroup_Monitoring_prod_westus/providers/Microsoft.KeyVault/vaults/SCM-SpKvprodwestus","1SCM_ResGroup_Monitoring_prod_westus","westus","","False","False","","Unknown","False","0","0","""""","False","","0","False","","True","","","0","0","0","0","0","0","0","1","Critical: No access control configured","0","","85","85","0","0","0","0","Medium High","0","","","","NotReadable","","","","Microsoft.EventHub/Namespaces/AuthorizationRules:RootManageSharedAccessKey;Microsoft.OperationalInsights/workspaces:1SCM-KeyVault-All-Logs","NotReadable","NotReadable","NotReadable","0","{}","C:\Users\cregnier\OneDrive - Intel Corporation\Documents\KeyVaultGapAnalysis\VaultJson\b6bebd3d-2ad2-4fd5-93c0-0986e7aa6928_SCM-SpKvprodwestus.json"
"2025-10-22T20:39:48.3406273-04:00","b6bebd3d-2ad2-4fd5-93c0-0986e7aa6928","1Source1DB - IGBN","","SCM-InvKv-prodwestus","/subscriptions/b6bebd3d-2ad2-4fd5-93c0-0986e7aa6928/resourceGroups/1SCM_ResGroup_Inventory_prod_westus/providers/Microsoft.KeyVault/vaults/SCM-InvKv-prodwestus","1SCM_ResGroup_Inventory_prod_westus","westus","","False","False","","Unknown","False","0","0","""""","False","","0","False","","True","","","0","0","0","0","0","0","0","1","Critical: No access control configured","0","","85","85","0","0","0","0","Medium High","0","","","","NotReadable","","","","Microsoft.EventHub/Namespaces/AuthorizationRules:RootManageSharedAccessKey;Microsoft.OperationalInsights/workspaces:1SCM-KeyVault-All-Logs","NotReadable","NotReadable","NotReadable","0","{}","C:\Users\cregnier\OneDrive - Intel Corporation\Documents\KeyVaultGapAnalysis\VaultJson\b6bebd3d-2ad2-4fd5-93c0-0986e7aa6928_SCM-InvKv-prodwestus.json"
"2025-10-22T20:39:48.4067762-04:00","b6bebd3d-2ad2-4fd5-93c0-0986e7aa6928","1Source1DB - IGBN","","SCM-VMKv-prodwestus","/subscriptions/b6bebd3d-2ad2-4fd5-93c0-0986e7aa6928/resourceGroups/1SCM_ResGroup_prod_westus/providers/Microsoft.KeyVault/vaults/SCM-VMKv-prodwestus","1SCM_ResGroup_prod_westus","westus","","False","False","","Unknown","False","0","0","""""","False","","0","False","","True","","","0","0","0","0","0","0","0","1","Critical: No access control configured","0","","85","85","0","0","0","0","Medium High","0","","","","NotReadable","","","","Microsoft.EventHub/Namespaces/AuthorizationRules:RootManageSharedAccessKey;Microsoft.OperationalInsights/workspaces:1SCM-KeyVault-All-Logs","NotReadable","NotReadable","NotReadable","0","{}","C:\Users\cregnier\OneDrive - Intel Corporation\Documents\KeyVaultGapAnalysis\VaultJson\b6bebd3d-2ad2-4fd5-93c0-0986e7aa6928_SCM-VMKv-prodwestus.json"
"2025-10-22T20:39:48.4193252-04:00","b6bebd3d-2ad2-4fd5-93c0-0986e7aa6928","1Source1DB - IGBN","","SCM-InvKv-prodwestus2","/subscriptions/b6bebd3d-2ad2-4fd5-93c0-0986e7aa6928/resourceGroups/1SCM_ResGroup_Inventory_prod_westus2/providers/Microsoft.KeyVault/vaults/SCM-InvKv-prodwestus2","1SCM_ResGroup_Inventory_prod_westus2","westus2","","False","False","","Unknown","False","0","0","""""","False","","0","False","","True","","","0","0","0","0","0","0","0","1","Critical: No access control configured","0","","85","85","0","0","0","0","Medium High","0","","","","NotReadable","","","","Microsoft.EventHub/Namespaces/AuthorizationRules:RootManageSharedAccessKey;Microsoft.OperationalInsights/workspaces:1SCM-KeyVault-All-Logs","NotReadable","NotReadable","NotReadable","0","{}","C:\Users\cregnier\OneDrive - Intel Corporation\Documents\KeyVaultGapAnalysis\VaultJson\b6bebd3d-2ad2-4fd5-93c0-0986e7aa6928_SCM-InvKv-prodwestus2.json"
"2025-10-22T20:39:48.4940681-04:00","b6bebd3d-2ad2-4fd5-93c0-0986e7aa6928","1Source1DB - IGBN","","SCM-SpKvprewestus","/subscriptions/b6bebd3d-2ad2-4fd5-93c0-0986e7aa6928/resourceGroups/1SCM_ResGroup_Monitoring_pre_westus/providers/Microsoft.KeyVault/vaults/SCM-SpKvprewestus","1SCM_ResGroup_Monitoring_pre_westus","westus","","False","False","","Unknown","False","0","0","""""","False","","0","False","","True","","","0","0","0","0","0","0","0","1","Critical: No access control configured","0","","85","85","0","0","0","0","Medium High","0","","","","NotReadable","","","","Microsoft.EventHub/Namespaces/AuthorizationRules:RootManageSharedAccessKey;Microsoft.OperationalInsights/workspaces:1SCM-KeyVault-All-Logs","NotReadable","NotReadable","NotReadable","0","{}","C:\Users\cregnier\OneDrive - Intel Corporation\Documents\KeyVaultGapAnalysis\VaultJson\b6bebd3d-2ad2-4fd5-93c0-0986e7aa6928_SCM-SpKvprewestus.json"
"2025-10-22T20:39:48.5078307-04:00","e06b2ed9-663c-48b0-bf8e-9a725ebf63ca","ADO_DevOps","","jenkinsconnect","/subscriptions/e06b2ed9-663c-48b0-bf8e-9a725ebf63ca/resourceGroups/ADO_DevOps-expressroute/providers/Microsoft.KeyVault/vaults/jenkinsconnect","ADO_DevOps-expressroute","westus","","False","False","","Unknown","False","0","0","""""","False","","0","False","","True","","","0","0","0","0","0","0","0","1","Critical: No access control configured","0","","85","85","0","0","0","0","Medium High","0","","","","NotReadable","","","","Microsoft.EventHub/Namespaces/AuthorizationRules:RootManageSharedAccessKey","NotReadable","NotReadable","NotReadable","0","{}","C:\Users\cregnier\OneDrive - Intel Corporation\Documents\KeyVaultGapAnalysis\VaultJson\e06b2ed9-663c-48b0-bf8e-9a725ebf63ca_jenkinsconnect.json"
"2025-10-22T20:39:48.5695009-04:00","e06b2ed9-663c-48b0-bf8e-9a725ebf63ca","ADO_DevOps","","test-platci-keyvault","/subscriptions/e06b2ed9-663c-48b0-bf8e-9a725ebf63ca/resourceGroups/ADO_DevOps-expressroute/providers/Microsoft.KeyVault/vaults/test-platci-keyvault","ADO_DevOps-expressroute","eastus","","False","False","","Unknown","False","0","0","""""","False","","0","False","","True","","","0","0","0","0","0","0","0","1","Critical: No access control configured","0","","85","85","0","0","0","0","Medium High","0","","","","NotReadable","","","","Microsoft.EventHub/Namespaces/AuthorizationRules:RootManageSharedAccessKey","NotReadable","NotReadable","NotReadable","0","{}","C:\Users\cregnier\OneDrive - Intel Corporation\Documents\KeyVaultGapAnalysis\VaultJson\e06b2ed9-663c-48b0-bf8e-9a725ebf63ca_test-platci-keyvault.json"
"2025-10-22T20:39:48.5805806-04:00","3d412bb0-b3ac-4e86-82d4-4c386a9c38eb","Advanced Analytics Infra Dev","","infraworkspace7462435983","/subscriptions/3d412bb0-b3ac-4e86-82d4-4c386a9c38eb/resourceGroups/infra-workspace/providers/Microsoft.KeyVault/vaults/infraworkspace7462435983","infra-workspace","eastus","","False","False","","Unknown","False","0","0","""""","False","","0","False","","True","","","0","0","0","0","0","0","0","1","Critical: No access control configured","0","","85","85","0","0","0","0","Medium High","0","","","","NotReadable","","","","Microsoft.EventHub/Namespaces/AuthorizationRules:RootManageSharedAccessKey;Microsoft.Storage/storageAccounts:infraworkspace6908058186","NotReadable","NotReadable","NotReadable","0","{}","C:\Users\cregnier\OneDrive - Intel Corporation\Documents\KeyVaultGapAnalysis\VaultJson\3d412bb0-b3ac-4e86-82d4-4c386a9c38eb_infraworkspace7462435983.json"
"2025-10-22T20:39:48.5908132-04:00","3d412bb0-b3ac-4e86-82d4-4c386a9c38eb","Advanced Analytics Infra Dev","","vault-3musk","/subscriptions/3d412bb0-b3ac-4e86-82d4-4c386a9c38eb/resourceGroups/itai-devops/providers/Microsoft.KeyVault/vaults/vault-3musk","itai-devops","eastus","","False","False","","Unknown","False","0","0","""""","False","","0","False","","True","","","0","0","0","0","0","0","0","1","Critical: No access control configured","0","","85","85","0","0","0","0","Medium High","0","","","","NotReadable","","","","Microsoft.EventHub/Namespaces/AuthorizationRules:RootManageSharedAccessKey","NotReadable","NotReadable","NotReadable","0","{}","C:\Users\cregnier\OneDrive - Intel Corporation\Documents\KeyVaultGapAnalysis\VaultJson\3d412bb0-b3ac-4e86-82d4-4c386a9c38eb_vault-3musk.json"
"2025-10-22T20:39:48.6538607-04:00","1288dc45-ac66-43bd-af87-2150d007fd45","Advanced Analytics Platform PreProd","","kv-adb-migration","/subscriptions/1288dc45-ac66-43bd-af87-2150d007fd45/resourceGroups/svcs_powerbi/providers/Microsoft.KeyVault/vaults/kv-adb-migration","svcs_powerbi","westus2","","False","False","","Unknown","False","0","0","""""","False","","0","False","","True","","","0","0","0","0","0","0","0","1","Critical: No access control configured","0","","85","85","0","0","0","0","Medium High","0","","","","NotReadable","","","","Microsoft.EventHub/Namespaces/AuthorizationRules:RootManageSharedAccessKey","NotReadable","NotReadable","NotReadable","0","{}","C:\Users\cregnier\OneDrive - Intel Corporation\Documents\KeyVaultGapAnalysis\VaultJson\1288dc45-ac66-43bd-af87-2150d007fd45_kv-adb-migration.json"
"2025-10-22T20:39:48.6687784-04:00","1288dc45-ac66-43bd-af87-2150d007fd45","Advanced Analytics Platform PreProd","","kv-svcs-powerbi-dev-001","/subscriptions/1288dc45-ac66-43bd-af87-2150d007fd45/resourceGroups/svcs_powerbi/providers/Microsoft.KeyVault/vaults/kv-svcs-powerbi-dev-001","svcs_powerbi","westus2","","False","False","","Unknown","False","0","0","""""","False","","0","False","","True","","","0","0","0","0","0","0","0","1","Critical: No access control configured","0","","85","85","0","0","0","0","Medium High","0","","","","NotReadable","","","","Microsoft.EventHub/Namespaces/AuthorizationRules:RootManageSharedAccessKey","NotReadable","NotReadable","NotReadable","0","{""Project"":""Advaced Analytics Platform"",""Env"":""Preprod dev""}","C:\Users\cregnier\OneDrive - Intel Corporation\Documents\KeyVaultGapAnalysis\VaultJson\1288dc45-ac66-43bd-af87-2150d007fd45_kv-svcs-powerbi-dev-001.json"
"2025-10-22T20:39:48.7393959-04:00","ef62db01-c095-4720-b836-ed40ec5348f0","altera-1source","","demo-vaults-2024","/subscriptions/ef62db01-c095-4720-b836-ed40ec5348f0/resourceGroups/manual-resources/providers/Microsoft.KeyVault/vaults/demo-vaults-2024","manual-resources","westus2","","False","False","","Unknown","False","0","0","""""","False","","0","False","","True","","","0","0","0","0","0","0","0","1","Critical: No access control configured","0","","85","85","0","0","0","0","Medium High","0","","","","NotReadable","","","","Microsoft.EventHub/Namespaces/AuthorizationRules:RootManageSharedAccessKey","NotReadable","NotReadable","NotReadable","0","{""delete"":""true""}","C:\Users\cregnier\OneDrive - Intel Corporation\Documents\KeyVaultGapAnalysis\VaultJson\ef62db01-c095-4720-b836-ed40ec5348f0_demo-vaults-2024.json"
"2025-10-22T20:39:48.7527616-04:00","ef62db01-c095-4720-b836-ed40ec5348f0","altera-1source","","kv-a1s-api-dev-westus2","/subscriptions/ef62db01-c095-4720-b836-ed40ec5348f0/resourceGroups/rg-a1s-dev-api/providers/Microsoft.KeyVault/vaults/kv-a1s-api-dev-westus2","rg-a1s-dev-api","westus2","","False","False","","Unknown","False","0","0","""""","False","","0","False","","True","","","0","0","0","0","0","0","0","1","Critical: No access control configured","0","","85","85","0","0","0","0","Medium High","0","","","","NotReadable","","","","Microsoft.EventHub/Namespaces/AuthorizationRules:RootManageSharedAccessKey","NotReadable","NotReadable","NotReadable","0","{}","C:\Users\cregnier\OneDrive - Intel Corporation\Documents\KeyVaultGapAnalysis\VaultJson\ef62db01-c095-4720-b836-ed40ec5348f0_kv-a1s-api-dev-westus2.json"
"2025-10-22T20:39:48.8256827-04:00","ef62db01-c095-4720-b836-ed40ec5348f0","altera-1source","","kv-secrets-dev2-westus2","/subscriptions/ef62db01-c095-4720-b836-ed40ec5348f0/resourceGroups/rg-a1s-dev2-vaults/providers/Microsoft.KeyVault/vaults/kv-secrets-dev2-westus2","rg-a1s-dev2-vaults","westus2","","False","False","","Unknown","False","0","0","""""","False","","0","False","","True","","","0","0","0","0","0","0","0","1","Critical: No access control configured","0","","85","85","0","0","0","0","Medium High","0","","","","NotReadable","","","","Microsoft.EventHub/Namespaces/AuthorizationRules:RootManageSharedAccessKey","NotReadable","NotReadable","NotReadable","0","{}","C:\Users\cregnier\OneDrive - Intel Corporation\Documents\KeyVaultGapAnalysis\VaultJson\ef62db01-c095-4720-b836-ed40ec5348f0_kv-secrets-dev2-westus2.json"
"2025-10-22T20:39:48.8379110-04:00","ef62db01-c095-4720-b836-ed40ec5348f0","altera-1source","","kv-a1s-api-dev2-westus2","/subscriptions/ef62db01-c095-4720-b836-ed40ec5348f0/resourceGroups/rg-a1s-dev2-api/providers/Microsoft.KeyVault/vaults/kv-a1s-api-dev2-westus2","rg-a1s-dev2-api","westus2","","False","False","","Unknown","False","0","0","""""","False","","0","False","","True","","","0","0","0","0","0","0","0","1","Critical: No access control configured","0","","85","85","0","0","0","0","Medium High","0","","","","NotReadable","","","","Microsoft.EventHub/Namespaces/AuthorizationRules:RootManageSharedAccessKey","NotReadable","NotReadable","NotReadable","0","{}","C:\Users\cregnier\OneDrive - Intel Corporation\Documents\KeyVaultGapAnalysis\VaultJson\ef62db01-c095-4720-b836-ed40ec5348f0_kv-a1s-api-dev2-westus2.json"
"2025-10-22T20:39:48.9120851-04:00","ef62db01-c095-4720-b836-ed40ec5348f0","altera-1source","","kv-secrets-dev-westus2","/subscriptions/ef62db01-c095-4720-b836-ed40ec5348f0/resourceGroups/rg-a1s-dev-vaults/providers/Microsoft.KeyVault/vaults/kv-secrets-dev-westus2","rg-a1s-dev-vaults","westus2","","False","False","","Unknown","False","0","0","""""","False","","0","False","","True","","","0","0","0","0","0","0","0","1","Critical: No access control configured","0","","85","85","0","0","0","0","Medium High","0","","","","NotReadable","","","","Microsoft.EventHub/Namespaces/AuthorizationRules:RootManageSharedAccessKey;Microsoft.OperationalInsights/workspaces:log-4k7jndkwtq6au","NotReadable","NotReadable","NotReadable","0","{}","C:\Users\cregnier\OneDrive - Intel Corporation\Documents\KeyVaultGapAnalysis\VaultJson\ef62db01-c095-4720-b836-ed40ec5348f0_kv-secrets-dev-westus2.json"
"2025-10-22T20:39:48.9248738-04:00","ccdd4529-0b6b-42c4-a609-80691c0f58f5","altera-nga","","laasaInfraKV","/subscriptions/ccdd4529-0b6b-42c4-a609-80691c0f58f5/resourceGroups/LaasAInfraRG/providers/Microsoft.KeyVault/vaults/laasaInfraKV","LaasAInfraRG","westus2","","False","False","","Unknown","False","0","0","""""","False","","0","False","","True","","","0","0","0","0","0","0","0","1","Critical: No access control configured","0","","85","85","0","0","0","0","Medium High","0","","","","NotReadable","","","","Microsoft.EventHub/Namespaces/AuthorizationRules:RootManageSharedAccessKey","NotReadable","NotReadable","NotReadable","0","{}","C:\Users\cregnier\OneDrive - Intel Corporation\Documents\KeyVaultGapAnalysis\VaultJson\ccdd4529-0b6b-42c4-a609-80691c0f58f5_laasaInfraKV.json"
"2025-10-22T20:39:49.0297097-04:00","ccdd4529-0b6b-42c4-a609-80691c0f58f5","altera-nga","","alt-dm-dev01-kv","/subscriptions/ccdd4529-0b6b-42c4-a609-80691c0f58f5/resourceGroups/alt-dm-dev01/providers/Microsoft.KeyVault/vaults/alt-dm-dev01-kv","alt-dm-dev01","westus2","","False","False","","Unknown","False","0","0","""""","False","","0","False","","True","","","0","0","0","0","0","0","0","1","Critical: No access control configured","0","","85","85","0","0","0","0","Medium High","0","","","","NotReadable","","","","Microsoft.EventHub/Namespaces/AuthorizationRules:RootManageSharedAccessKey","NotReadable","NotReadable","NotReadable","0","{""IAP"":""53656""}","C:\Users\cregnier\OneDrive - Intel Corporation\Documents\KeyVaultGapAnalysis\VaultJson\ccdd4529-0b6b-42c4-a609-80691c0f58f5_alt-dm-dev01-kv.json"
"2025-10-22T20:39:49.0414662-04:00","ccdd4529-0b6b-42c4-a609-80691c0f58f5","altera-nga","","alt-aks-central","/subscriptions/ccdd4529-0b6b-42c4-a609-80691c0f58f5/resourceGroups/alt-aks-central/providers/Microsoft.KeyVault/vaults/alt-aks-central","alt-aks-central","westus2","","False","False","","Unknown","False","0","0","""""","False","","0","False","","True","","","0","0","0","0","0","0","0","1","Critical: No access control configured","0","","85","85","0","0","0","0","Medium High","0","","","","NotReadable","","","","Microsoft.EventHub/Namespaces/AuthorizationRules:RootManageSharedAccessKey","NotReadable","NotReadable","NotReadable","0","{}","C:\Users\cregnier\OneDrive - Intel Corporation\Documents\KeyVaultGapAnalysis\VaultJson\ccdd4529-0b6b-42c4-a609-80691c0f58f5_alt-aks-central.json"
"2025-10-22T20:39:49.1139794-04:00","ccdd4529-0b6b-42c4-a609-80691c0f58f5","altera-nga","","ngapbi-kv-prod01","/subscriptions/ccdd4529-0b6b-42c4-a609-80691c0f58f5/resourceGroups/alt-ngapbi-prod01/providers/Microsoft.KeyVault/vaults/ngapbi-kv-prod01","alt-ngapbi-prod01","westus2","","False","False","","Unknown","False","0","0","""""","False","","0","False","","True","","","0","0","0","0","0","0","0","1","Critical: No access control configured","0","","85","85","0","0","0","0","Medium High","0","","","","NotReadable","","","","Microsoft.EventHub/Namespaces/AuthorizationRules:RootManageSharedAccessKey","NotReadable","NotReadable","NotReadable","0","{""project"":""ngapbi"",""IAP"":""53656""}","C:\Users\cregnier\OneDrive - Intel Corporation\Documents\KeyVaultGapAnalysis\VaultJson\ccdd4529-0b6b-42c4-a609-80691c0f58f5_ngapbi-kv-prod01.json"
"2025-10-22T20:39:49.1252679-04:00","ccdd4529-0b6b-42c4-a609-80691c0f58f5","altera-nga","","alt-sf-dev01-kv","/subscriptions/ccdd4529-0b6b-42c4-a609-80691c0f58f5/resourceGroups/alt-sf-dev01/providers/Microsoft.KeyVault/vaults/alt-sf-dev01-kv","alt-sf-dev01","westus2","","False","False","","Unknown","False","0","0","""""","False","","0","False","","True","","","0","0","0","0","0","0","0","1","Critical: No access control configured","0","","85","85","0","0","0","0","Medium High","0","","","","NotReadable","","","","Microsoft.EventHub/Namespaces/AuthorizationRules:RootManageSharedAccessKey","NotReadable","NotReadable","NotReadable","0","{""Project"":""NGA"",""laasEnvironmentName"":""alt-sf-dev01""}","C:\Users\cregnier\OneDrive - Intel Corporation\Documents\KeyVaultGapAnalysis\VaultJson\ccdd4529-0b6b-42c4-a609-80691c0f58f5_alt-sf-dev01-kv.json"
"2025-10-22T20:39:49.1980326-04:00","ccdd4529-0b6b-42c4-a609-80691c0f58f5","altera-nga","","altdmcentral","/subscriptions/ccdd4529-0b6b-42c4-a609-80691c0f58f5/resourceGroups/alt-dm-hub/providers/Microsoft.KeyVault/vaults/altdmcentral","alt-dm-hub","westus2","","False","False","","Unknown","False","0","0","""""","False","","0","False","","True","","","0","0","0","0","0","0","0","1","Critical: No access control configured","0","","85","85","0","0","0","0","Medium High","0","","","","NotReadable","","","","Microsoft.EventHub/Namespaces/AuthorizationRules:RootManageSharedAccessKey","NotReadable","NotReadable","NotReadable","0","{}","C:\Users\cregnier\OneDrive - Intel Corporation\Documents\KeyVaultGapAnalysis\VaultJson\ccdd4529-0b6b-42c4-a609-80691c0f58f5_altdmcentral.json"
"2025-10-22T20:39:49.2077090-04:00","ccdd4529-0b6b-42c4-a609-80691c0f58f5","altera-nga","","nga-packer-central","/subscriptions/ccdd4529-0b6b-42c4-a609-80691c0f58f5/resourceGroups/nga-packer/providers/Microsoft.KeyVault/vaults/nga-packer-central","nga-packer","westus2","","False","False","","Unknown","False","0","0","""""","False","","0","False","","True","","","0","0","0","0","0","0","0","1","Critical: No access control configured","0","","85","85","0","0","0","0","Medium High","0","","","","NotReadable","","","","Microsoft.EventHub/Namespaces/AuthorizationRules:RootManageSharedAccessKey","NotReadable","NotReadable","NotReadable","0","{}","C:\Users\cregnier\OneDrive - Intel Corporation\Documents\KeyVaultGapAnalysis\VaultJson\ccdd4529-0b6b-42c4-a609-80691c0f58f5_nga-packer-central.json"
"2025-10-22T20:39:49.2648176-04:00","ccdd4529-0b6b-42c4-a609-80691c0f58f5","altera-nga","","ngapbi-kv-dev01","/subscriptions/ccdd4529-0b6b-42c4-a609-80691c0f58f5/resourceGroups/alt-ngapbi-dev01/providers/Microsoft.KeyVault/vaults/ngapbi-kv-dev01","alt-ngapbi-dev01","westus2","","False","False","","Unknown","False","0","0","""""","False","","0","False","","True","","","0","0","0","0","0","0","0","1","Critical: No access control configured","0","","85","85","0","0","0","0","Medium High","0","","","","NotReadable","","","","Microsoft.EventHub/Namespaces/AuthorizationRules:RootManageSharedAccessKey","NotReadable","NotReadable","NotReadable","0","{""project"":""ngapbi"",""IAP"":""53656""}","C:\Users\cregnier\OneDrive - Intel Corporation\Documents\KeyVaultGapAnalysis\VaultJson\ccdd4529-0b6b-42c4-a609-80691c0f58f5_ngapbi-kv-dev01.json"
"2025-10-22T20:39:49.3076297-04:00","ccdd4529-0b6b-42c4-a609-80691c0f58f5","altera-nga","","alt-sf-prod01-kv","/subscriptions/ccdd4529-0b6b-42c4-a609-80691c0f58f5/resourceGroups/alt-sf-prod01/providers/Microsoft.KeyVault/vaults/alt-sf-prod01-kv","alt-sf-prod01","westus2","","False","False","","Unknown","False","0","0","""""","False","","0","False","","True","","","0","0","0","0","0","0","0","1","Critical: No access control configured","0","","85","85","0","0","0","0","Medium High","0","","","","NotReadable","","","","Microsoft.EventHub/Namespaces/AuthorizationRules:RootManageSharedAccessKey","NotReadable","NotReadable","NotReadable","0","{""Project"":""NGA"",""laasEnvironmentName"":""alt-sf-prod01""}","C:\Users\cregnier\OneDrive - Intel Corporation\Documents\KeyVaultGapAnalysis\VaultJson\ccdd4529-0b6b-42c4-a609-80691c0f58f5_alt-sf-prod01-kv.json"
"2025-10-22T20:39:49.3587677-04:00","ccdd4529-0b6b-42c4-a609-80691c0f58f5","altera-nga","","alt-sf-test01-kv","/subscriptions/ccdd4529-0b6b-42c4-a609-80691c0f58f5/resourceGroups/alt-sf-test01/providers/Microsoft.KeyVault/vaults/alt-sf-test01-kv","alt-sf-test01","westus2","","False","False","","Unknown","False","0","0","""""","False","","0","False","","True","","","0","0","0","0","0","0","0","1","Critical: No access control configured","0","","85","85","0","0","0","0","Medium High","0","","","","NotReadable","","","","Microsoft.EventHub/Namespaces/AuthorizationRules:RootManageSharedAccessKey","NotReadable","NotReadable","NotReadable","0","{""Project"":""NGA"",""laasEnvironmentName"":""alt-sf-test01""}","C:\Users\cregnier\OneDrive - Intel Corporation\Documents\KeyVaultGapAnalysis\VaultJson\ccdd4529-0b6b-42c4-a609-80691c0f58f5_alt-sf-test01-kv.json"
"2025-10-22T20:39:49.3683626-04:00","ccdd4529-0b6b-42c4-a609-80691c0f58f5","altera-nga","","alt-dm-test01-kv","/subscriptions/ccdd4529-0b6b-42c4-a609-80691c0f58f5/resourceGroups/alt-dm-test01/providers/Microsoft.KeyVault/vaults/alt-dm-test01-kv","alt-dm-test01","westus2","","False","False","","Unknown","False","0","0","""""","False","","0","False","","True","","","0","0","0","0","0","0","0","1","Critical: No access control configured","0","","85","85","0","0","0","0","Medium High","0","","","","NotReadable","","","","Microsoft.EventHub/Namespaces/AuthorizationRules:RootManageSharedAccessKey","NotReadable","NotReadable","NotReadable","0","{""IAP"":""53656""}","C:\Users\cregnier\OneDrive - Intel Corporation\Documents\KeyVaultGapAnalysis\VaultJson\ccdd4529-0b6b-42c4-a609-80691c0f58f5_alt-dm-test01-kv.json"
"2025-10-22T20:39:49.4177618-04:00","ccdd4529-0b6b-42c4-a609-80691c0f58f5","altera-nga","","alt-dm-prod01-kv","/subscriptions/ccdd4529-0b6b-42c4-a609-80691c0f58f5/resourceGroups/alt-dm-prod01/providers/Microsoft.KeyVault/vaults/alt-dm-prod01-kv","alt-dm-prod01","westus2","","False","False","","Unknown","False","0","0","""""","False","","0","False","","True","","","0","0","0","0","0","0","0","1","Critical: No access control configured","0","","85","85","0","0","0","0","Medium High","0","","","","NotReadable","","","","Microsoft.EventHub/Namespaces/AuthorizationRules:RootManageSharedAccessKey","NotReadable","NotReadable","NotReadable","0","{""IAP"":""53656""}","C:\Users\cregnier\OneDrive - Intel Corporation\Documents\KeyVaultGapAnalysis\VaultJson\ccdd4529-0b6b-42c4-a609-80691c0f58f5_alt-dm-prod01-kv.json"
"2025-10-22T20:39:49.4259860-04:00","ccdd4529-0b6b-42c4-a609-80691c0f58f5","altera-nga","","ngapbi-kv-sim","/subscriptions/ccdd4529-0b6b-42c4-a609-80691c0f58f5/resourceGroups/alt-ngapbi-sim/providers/Microsoft.KeyVault/vaults/ngapbi-kv-sim","alt-ngapbi-sim","westus2","","False","False","","Unknown","False","0","0","""""","False","","0","False","","True","","","0","0","0","0","0","0","0","1","Critical: No access control configured","0","","85","85","0","0","0","0","Medium High","0","","","","NotReadable","","","","Microsoft.EventHub/Namespaces/AuthorizationRules:RootManageSharedAccessKey","NotReadable","NotReadable","NotReadable","0","{}","C:\Users\cregnier\OneDrive - Intel Corporation\Documents\KeyVaultGapAnalysis\VaultJson\ccdd4529-0b6b-42c4-a609-80691c0f58f5_ngapbi-kv-sim.json"
"2025-10-22T20:39:49.4775164-04:00","ccdd4529-0b6b-42c4-a609-80691c0f58f5","altera-nga","","ngapbi-kv-test01","/subscriptions/ccdd4529-0b6b-42c4-a609-80691c0f58f5/resourceGroups/alt-ngapbi-test01/providers/Microsoft.KeyVault/vaults/ngapbi-kv-test01","alt-ngapbi-test01","westus2","","False","False","","Unknown","False","0","0","""""","False","","0","False","","True","","","0","0","0","0","0","0","0","1","Critical: No access control configured","0","","85","85","0","0","0","0","Medium High","0","","","","NotReadable","","","","Microsoft.EventHub/Namespaces/AuthorizationRules:RootManageSharedAccessKey","NotReadable","NotReadable","NotReadable","0","{""project"":""ngapbi"",""IAP"":""53656""}","C:\Users\cregnier\OneDrive - Intel Corporation\Documents\KeyVaultGapAnalysis\VaultJson\ccdd4529-0b6b-42c4-a609-80691c0f58f5_ngapbi-kv-test01.json"
"2025-10-22T20:39:49.4868928-04:00","ccdd4529-0b6b-42c4-a609-80691c0f58f5","altera-nga","","laas-cust-3jewwh7izxvog","/subscriptions/ccdd4529-0b6b-42c4-a609-80691c0f58f5/resourceGroups/alt-nga-prod01/providers/Microsoft.KeyVault/vaults/laas-cust-3jewwh7izxvog","alt-nga-prod01","westus2","","False","False","","Unknown","False","0","0","""""","False","","0","False","","True","","","0","0","0","0","0","0","0","1","Critical: No access control configured","0","","85","85","0","0","0","0","Medium High","0","","","","NotReadable","","","","Microsoft.EventHub/Namespaces/AuthorizationRules:RootManageSharedAccessKey","NotReadable","NotReadable","NotReadable","0","{""Project"":""Altera-NGA"",""laasEnvironmentName"":""alt-nga-prod01""}","C:\Users\cregnier\OneDrive - Intel Corporation\Documents\KeyVaultGapAnalysis\VaultJson\ccdd4529-0b6b-42c4-a609-80691c0f58f5_laas-cust-3jewwh7izxvog.json"
"2025-10-22T20:39:49.5375403-04:00","ccdd4529-0b6b-42c4-a609-80691c0f58f5","altera-nga","","laas-3jewwh7izxvog","/subscriptions/ccdd4529-0b6b-42c4-a609-80691c0f58f5/resourceGroups/alt-nga-prod01/providers/Microsoft.KeyVault/vaults/laas-3jewwh7izxvog","alt-nga-prod01","westus2","","False","False","","Unknown","False","0","0","""""","False","","0","False","","True","","","0","0","0","0","0","0","0","1","Critical: No access control configured","0","","85","85","0","0","0","0","Medium High","0","","","","NotReadable","","","","Microsoft.EventHub/Namespaces/AuthorizationRules:RootManageSharedAccessKey;Microsoft.OperationalInsights/workspaces:alt-defaultworkspace","NotReadable","NotReadable","NotReadable","0","{""Project"":""Altera-NGA"",""laasEnvironmentName"":""alt-nga-prod01""}","C:\Users\cregnier\OneDrive - Intel Corporation\Documents\KeyVaultGapAnalysis\VaultJson\ccdd4529-0b6b-42c4-a609-80691c0f58f5_laas-3jewwh7izxvog.json"
"2025-10-22T20:39:49.5467048-04:00","7d693076-29bc-4942-8de5-0ff8d3ed9590","Animate","","kv-vc-prod-westus","/subscriptions/7d693076-29bc-4942-8de5-0ff8d3ed9590/resourceGroups/rg-animate-databricks-vc/providers/Microsoft.KeyVault/vaults/kv-vc-prod-westus","rg-animate-databricks-vc","westus","","False","False","","Unknown","False","0","0","""""","False","","0","False","","True","","","0","0","0","0","0","0","0","1","Critical: No access control configured","0","","85","85","0","0","0","0","Medium High","0","","","","NotReadable","","","","Microsoft.EventHub/Namespaces/AuthorizationRules:RootManageSharedAccessKey","NotReadable","NotReadable","NotReadable","0","{""Project"":""Animate"",""Environment"":""Production""}","C:\Users\cregnier\OneDrive - Intel Corporation\Documents\KeyVaultGapAnalysis\VaultJson\7d693076-29bc-4942-8de5-0ff8d3ed9590_kv-vc-prod-westus.json"
"2025-10-22T20:39:49.5990547-04:00","7d693076-29bc-4942-8de5-0ff8d3ed9590","Animate","","kv-dg-prod-westus","/subscriptions/7d693076-29bc-4942-8de5-0ff8d3ed9590/resourceGroups/rg-animate-databricks-dg/providers/Microsoft.KeyVault/vaults/kv-dg-prod-westus","rg-animate-databricks-dg","westus","","False","False","","Unknown","False","0","0","""""","False","","0","False","","True","","","0","0","0","0","0","0","0","1","Critical: No access control configured","0","","85","85","0","0","0","0","Medium High","0","","","","NotReadable","","","","Microsoft.EventHub/Namespaces/AuthorizationRules:RootManageSharedAccessKey","NotReadable","NotReadable","NotReadable","0","{""Project"":""Animate"",""Environment"":""Production""}","C:\Users\cregnier\OneDrive - Intel Corporation\Documents\KeyVaultGapAnalysis\VaultJson\7d693076-29bc-4942-8de5-0ff8d3ed9590_kv-dg-prod-westus.json"
"2025-10-22T20:39:49.6093761-04:00","7d693076-29bc-4942-8de5-0ff8d3ed9590","Animate","","kv-shared-prod-westus2","/subscriptions/7d693076-29bc-4942-8de5-0ff8d3ed9590/resourceGroups/rg-shared-prod-westus2/providers/Microsoft.KeyVault/vaults/kv-shared-prod-westus2","rg-shared-prod-westus2","westus2","","False","False","","Unknown","False","0","0","""""","False","","0","False","","True","","","0","0","0","0","0","0","0","1","Critical: No access control configured","0","","85","85","0","0","0","0","Medium High","0","","","","NotReadable","","","","Microsoft.EventHub/Namespaces/AuthorizationRules:RootManageSharedAccessKey;Microsoft.OperationalInsights/workspaces:KeyVaultAnalytics;Microsoft.Storage/storageAccounts:intelloggingstorageprod","NotReadable","NotReadable","NotReadable","0","{""Project"":""Animate"",""Environment"":""Production""}","C:\Users\cregnier\OneDrive - Intel Corporation\Documents\KeyVaultGapAnalysis\VaultJson\7d693076-29bc-4942-8de5-0ff8d3ed9590_kv-shared-prod-westus2.json"
"2025-10-22T20:39:49.6989169-04:00","7d693076-29bc-4942-8de5-0ff8d3ed9590","Animate","","kv-shared-sandbox-westus","/subscriptions/7d693076-29bc-4942-8de5-0ff8d3ed9590/resourceGroups/rg-kv-shared-sandbox-westus2/providers/Microsoft.KeyVault/vaults/kv-shared-sandbox-westus","rg-kv-shared-sandbox-westus2","westus2","","False","False","","Unknown","False","0","0","""""","False","","0","False","","True","","","0","0","0","0","0","0","0","1","Critical: No access control configured","0","","85","85","0","0","0","0","Medium High","0","","","","NotReadable","","","","Microsoft.EventHub/Namespaces/AuthorizationRules:RootManageSharedAccessKey;Microsoft.OperationalInsights/workspaces:kv-law-shared-sandbox-westus2","NotReadable","NotReadable","NotReadable","0","{""Project"":""Animate"",""Purpose"":""Shared Key Vault"",""Environment"":""sandbox""}","C:\Users\cregnier\OneDrive - Intel Corporation\Documents\KeyVaultGapAnalysis\VaultJson\7d693076-29bc-4942-8de5-0ff8d3ed9590_kv-shared-sandbox-westus.json"
"2025-10-22T20:39:49.7075650-04:00","10d18a23-d954-46a7-a322-10d9f3a21b65","APPI","","oneclickvault","/subscriptions/10d18a23-d954-46a7-a322-10d9f3a21b65/resourceGroups/rg-appi-resources/providers/Microsoft.KeyVault/vaults/oneclickvault","rg-appi-resources","westeurope","","False","False","","Unknown","False","0","0","""""","False","","0","False","","True","","","0","0","0","0","0","0","0","1","Critical: No access control configured","0","","85","85","0","0","0","0","Medium High","0","","","","NotReadable","","","","Microsoft.EventHub/Namespaces/AuthorizationRules:RootManageSharedAccessKey","NotReadable","NotReadable","NotReadable","0","{}","C:\Users\cregnier\OneDrive - Intel Corporation\Documents\KeyVaultGapAnalysis\VaultJson\10d18a23-d954-46a7-a322-10d9f3a21b65_oneclickvault.json"
"2025-10-22T20:39:49.7655503-04:00","10d18a23-d954-46a7-a322-10d9f3a21b65","APPI","","diskcrypt","/subscriptions/10d18a23-d954-46a7-a322-10d9f3a21b65/resourceGroups/rg-appi-resources/providers/Microsoft.KeyVault/vaults/diskcrypt","rg-appi-resources","westus","","False","False","","Unknown","False","0","0","""""","False","","0","False","","True","","","0","0","0","0","0","0","0","1","Critical: No access control configured","0","","85","85","0","0","0","0","Medium High","0","","","","NotReadable","","","","Microsoft.EventHub/Namespaces/AuthorizationRules:RootManageSharedAccessKey","NotReadable","NotReadable","NotReadable","0","{}","C:\Users\cregnier\OneDrive - Intel Corporation\Documents\KeyVaultGapAnalysis\VaultJson\10d18a23-d954-46a7-a322-10d9f3a21b65_diskcrypt.json"
"2025-10-22T20:39:49.7844104-04:00","10d18a23-d954-46a7-a322-10d9f3a21b65","APPI","","vmsonar1-vault","/subscriptions/10d18a23-d954-46a7-a322-10d9f3a21b65/resourceGroups/rg-appi-resources/providers/Microsoft.KeyVault/vaults/vmsonar1-vault","rg-appi-resources","westus","","False","False","","Unknown","False","0","0","""""","False","","0","False","","True","","","0","0","0","0","0","0","0","1","Critical: No access control configured","0","","85","85","0","0","0","0","Medium High","0","","","","NotReadable","","","","Microsoft.EventHub/Namespaces/AuthorizationRules:RootManageSharedAccessKey","NotReadable","NotReadable","NotReadable","0","{}","C:\Users\cregnier\OneDrive - Intel Corporation\Documents\KeyVaultGapAnalysis\VaultJson\10d18a23-d954-46a7-a322-10d9f3a21b65_vmsonar1-vault.json"
"2025-10-22T20:39:49.8455205-04:00","10d18a23-d954-46a7-a322-10d9f3a21b65","APPI","","scsonar1","/subscriptions/10d18a23-d954-46a7-a322-10d9f3a21b65/resourceGroups/rg-appi-resources/providers/Microsoft.KeyVault/vaults/scsonar1","rg-appi-resources","westus","","False","False","","Unknown","False","0","0","""""","False","","0","False","","True","","","0","0","0","0","0","0","0","1","Critical: No access control configured","0","","85","85","0","0","0","0","Medium High","0","","","","NotReadable","","","","Microsoft.EventHub/Namespaces/AuthorizationRules:RootManageSharedAccessKey","NotReadable","NotReadable","NotReadable","0","{}","C:\Users\cregnier\OneDrive - Intel Corporation\Documents\KeyVaultGapAnalysis\VaultJson\10d18a23-d954-46a7-a322-10d9f3a21b65_scsonar1.json"
"2025-10-22T20:39:49.8557504-04:00","3a852f82-3d2a-48fb-8450-2d9397d557f1","ATAI-MLPlatform","","mlplatform1886008939","/subscriptions/3a852f82-3d2a-48fb-8450-2d9397d557f1/resourceGroups/testdca/providers/Microsoft.KeyVault/vaults/mlplatform1886008939","testdca","centralus","","False","False","","Unknown","False","0","0","""""","False","","0","False","","True","","","0","0","0","0","0","0","0","1","Critical: No access control configured","0","","85","85","0","0","0","0","Medium High","0","","","","NotReadable","","","","Microsoft.EventHub/Namespaces/AuthorizationRules:RootManageSharedAccessKey;Microsoft.Storage/storageAccounts:mlplatform1479983081","NotReadable","NotReadable","NotReadable","0","{}","C:\Users\cregnier\OneDrive - Intel Corporation\Documents\KeyVaultGapAnalysis\VaultJson\3a852f82-3d2a-48fb-8450-2d9397d557f1_mlplatform1886008939.json"
"2025-10-22T20:39:49.9068380-04:00","3a852f82-3d2a-48fb-8450-2d9397d557f1","ATAI-MLPlatform","","batterylifepre4378140722","/subscriptions/3a852f82-3d2a-48fb-8450-2d9397d557f1/resourceGroups/test-azureml/providers/Microsoft.KeyVault/vaults/batterylifepre4378140722","test-azureml","westus2","","False","False","","Unknown","False","0","0","""""","False","","0","False","","True","","","0","0","0","0","0","0","0","1","Critical: No access control configured","0","","85","85","0","0","0","0","Medium High","0","","","","NotReadable","","","","Microsoft.EventHub/Namespaces/AuthorizationRules:RootManageSharedAccessKey;Microsoft.Storage/storageAccounts:batterylifepre3156833501","NotReadable","NotReadable","NotReadable","0","{}","C:\Users\cregnier\OneDrive - Intel Corporation\Documents\KeyVaultGapAnalysis\VaultJson\3a852f82-3d2a-48fb-8450-2d9397d557f1_batterylifepre4378140722.json"
"2025-10-22T20:39:49.9486303-04:00","218284c1-1e9c-449f-9c7b-5ec75e31169e","Avaamo PowerBI Reporting","","bot-secrets-4io5xf","/subscriptions/218284c1-1e9c-449f-9c7b-5ec75e31169e/resourceGroups/MS-Teams-Avaamo-BOTs/providers/Microsoft.KeyVault/vaults/bot-secrets-4io5xf","MS-Teams-Avaamo-BOTs","centralus","","False","False","","Unknown","False","0","0","""""","False","","0","False","","True","","","0","0","0","0","0","0","0","1","Critical: No access control configured","0","","85","85","0","0","0","0","Medium High","0","","","","NotReadable","","","","Microsoft.EventHub/Namespaces/AuthorizationRules:RootManageSharedAccessKey","NotReadable","NotReadable","NotReadable","0","{}","C:\Users\cregnier\OneDrive - Intel Corporation\Documents\KeyVaultGapAnalysis\VaultJson\218284c1-1e9c-449f-9c7b-5ec75e31169e_bot-secrets-4io5xf.json"
"2025-10-22T20:39:49.9581661-04:00","218284c1-1e9c-449f-9c7b-5ec75e31169e","Avaamo PowerBI Reporting","","kv-avaamo-prod-gyjl","/subscriptions/218284c1-1e9c-449f-9c7b-5ec75e31169e/resourceGroups/rg-avaamo-prod-gyjl/providers/Microsoft.KeyVault/vaults/kv-avaamo-prod-gyjl","rg-avaamo-prod-gyjl","westus2","","False","False","","Unknown","False","0","0","""""","False","","0","False","","True","","","0","0","0","0","0","0","0","1","Critical: No access control configured","0","","85","85","0","0","0","0","Medium High","0","","","","NotReadable","","","","Microsoft.EventHub/Namespaces/AuthorizationRules:RootManageSharedAccessKey","NotReadable","NotReadable","NotReadable","0","{}","C:\Users\cregnier\OneDrive - Intel Corporation\Documents\KeyVaultGapAnalysis\VaultJson\218284c1-1e9c-449f-9c7b-5ec75e31169e_kv-avaamo-prod-gyjl.json"
"2025-10-22T20:39:50.0200581-04:00","218284c1-1e9c-449f-9c7b-5ec75e31169e","Avaamo PowerBI Reporting","","guidenceupdate9005411493","/subscriptions/218284c1-1e9c-449f-9c7b-5ec75e31169e/resourceGroups/MS-Teams-Avaamo-BOTs/providers/Microsoft.KeyVault/vaults/guidenceupdate9005411493","MS-Teams-Avaamo-BOTs","centralus","","False","False","","Unknown","False","0","0","""""","False","","0","False","","True","","","0","0","0","0","0","0","0","1","Critical: No access control configured","0","","85","85","0","0","0","0","Medium High","0","","","","NotReadable","","","","Microsoft.EventHub/Namespaces/AuthorizationRules:RootManageSharedAccessKey","NotReadable","NotReadable","NotReadable","0","{}","C:\Users\cregnier\OneDrive - Intel Corporation\Documents\KeyVaultGapAnalysis\VaultJson\218284c1-1e9c-449f-9c7b-5ec75e31169e_guidenceupdate9005411493.json"
"2025-10-22T20:39:50.0298600-04:00","218284c1-1e9c-449f-9c7b-5ec75e31169e","Avaamo PowerBI Reporting","","PostgreSQL-Password","/subscriptions/218284c1-1e9c-449f-9c7b-5ec75e31169e/resourceGroups/rg-avaamo-prod-gyjl/providers/Microsoft.KeyVault/vaults/PostgreSQL-Password","rg-avaamo-prod-gyjl","eastus","","False","False","","Unknown","False","0","0","""""","False","","0","False","","True","","","0","0","0","0","0","0","0","1","Critical: No access control configured","0","","85","85","0","0","0","0","Medium High","0","","","","NotReadable","","","","Microsoft.EventHub/Namespaces/AuthorizationRules:RootManageSharedAccessKey","NotReadable","NotReadable","NotReadable","0","{""PostgreSQL-Password"":""UP7JNHO76q7Tmtr1IMJD_.C,mY5OJBf5""}","C:\Users\cregnier\OneDrive - Intel Corporation\Documents\KeyVaultGapAnalysis\VaultJson\218284c1-1e9c-449f-9c7b-5ec75e31169e_PostgreSQL-Password.json"
"2025-10-22T20:39:50.0865333-04:00","19a8d813-0b3e-484c-9db3-76242c9a0878","Axon","","kv-axon-ctip-test","/subscriptions/19a8d813-0b3e-484c-9db3-76242c9a0878/resourceGroups/axon-test/providers/Microsoft.KeyVault/vaults/kv-axon-ctip-test","axon-test","westus2","","False","False","","Unknown","False","0","0","""""","False","","0","False","","True","","","0","0","0","0","0","0","0","1","Critical: No access control configured","0","","85","85","0","0","0","0","Medium High","0","","","","NotReadable","","","","Microsoft.EventHub/Namespaces/AuthorizationRules:RootManageSharedAccessKey","NotReadable","NotReadable","NotReadable","0","{""env"":""TEST""}","C:\Users\cregnier\OneDrive - Intel Corporation\Documents\KeyVaultGapAnalysis\VaultJson\19a8d813-0b3e-484c-9db3-76242c9a0878_kv-axon-ctip-test.json"
"2025-10-22T20:39:50.1005591-04:00","19a8d813-0b3e-484c-9db3-76242c9a0878","Axon","","kv-axon-service-dev","/subscriptions/19a8d813-0b3e-484c-9db3-76242c9a0878/resourceGroups/axon-dev/providers/Microsoft.KeyVault/vaults/kv-axon-service-dev","axon-dev","westus2","","False","False","","Unknown","False","0","0","""""","False","","0","False","","True","","","0","0","0","0","0","0","0","1","Critical: No access control configured","0","","85","85","0","0","0","0","Medium High","0","","","","NotReadable","","","","Microsoft.EventHub/Namespaces/AuthorizationRules:RootManageSharedAccessKey","NotReadable","NotReadable","NotReadable","0","{""created_by"":""yowchern"",""created_on"":""29/04/2025""}","C:\Users\cregnier\OneDrive - Intel Corporation\Documents\KeyVaultGapAnalysis\VaultJson\19a8d813-0b3e-484c-9db3-76242c9a0878_kv-axon-service-dev.json"
"2025-10-22T20:39:50.1741727-04:00","19a8d813-0b3e-484c-9db3-76242c9a0878","Axon","","axonml-66b1cac092900256d","/subscriptions/19a8d813-0b3e-484c-9db3-76242c9a0878/resourceGroups/axon-ml/providers/Microsoft.KeyVault/vaults/axonml-66b1cac092900256d","axon-ml","westus2","","False","False","","Unknown","False","0","0","""""","False","","0","False","","True","","","0","0","0","0","0","0","0","1","Critical: No access control configured","0","","85","85","0","0","0","0","Medium High","0","","","","NotReadable","","","","Microsoft.EventHub/Namespaces/AuthorizationRules:RootManageSharedAccessKey","NotReadable","NotReadable","NotReadable","0","{}","C:\Users\cregnier\OneDrive - Intel Corporation\Documents\KeyVaultGapAnalysis\VaultJson\19a8d813-0b3e-484c-9db3-76242c9a0878_axonml-66b1cac092900256d.json"
"2025-10-22T20:39:50.1891779-04:00","19a8d813-0b3e-484c-9db3-76242c9a0878","Axon","","kv-ctip-djeevan","/subscriptions/19a8d813-0b3e-484c-9db3-76242c9a0878/resourceGroups/axon-dev/providers/Microsoft.KeyVault/vaults/kv-ctip-djeevan","axon-dev","westus2","","False","False","","Unknown","False","0","0","""""","False","","0","False","","True","","","0","0","0","0","0","0","0","1","Critical: No access control configured","0","","85","85","0","0","0","0","Medium High","0","","","","NotReadable","","","","Microsoft.EventHub/Namespaces/AuthorizationRules:RootManageSharedAccessKey","NotReadable","NotReadable","NotReadable","0","{""createdBy"":""djeevan""}","C:\Users\cregnier\OneDrive - Intel Corporation\Documents\KeyVaultGapAnalysis\VaultJson\19a8d813-0b3e-484c-9db3-76242c9a0878_kv-ctip-djeevan.json"
"2025-10-22T20:39:50.2644516-04:00","19a8d813-0b3e-484c-9db3-76242c9a0878","Axon","","axonmlprod","/subscriptions/19a8d813-0b3e-484c-9db3-76242c9a0878/resourceGroups/axon-ml/providers/Microsoft.KeyVault/vaults/axonmlprod","axon-ml","westus2","","False","False","","Unknown","False","0","0","""""","False","","0","False","","True","","","0","0","0","0","0","0","0","1","Critical: No access control configured","0","","85","85","0","0","0","0","Medium High","0","","","","NotReadable","","","","Microsoft.EventHub/Namespaces/AuthorizationRules:RootManageSharedAccessKey","NotReadable","NotReadable","NotReadable","0","{}","C:\Users\cregnier\OneDrive - Intel Corporation\Documents\KeyVaultGapAnalysis\VaultJson\19a8d813-0b3e-484c-9db3-76242c9a0878_axonmlprod.json"
"2025-10-22T20:39:50.2756794-04:00","19a8d813-0b3e-484c-9db3-76242c9a0878","Axon","","kv-axon-ctip-dev","/subscriptions/19a8d813-0b3e-484c-9db3-76242c9a0878/resourceGroups/axon-dev/providers/Microsoft.KeyVault/vaults/kv-axon-ctip-dev","axon-dev","westus2","","False","False","","Unknown","False","0","0","""""","False","","0","False","","True","","","0","0","0","0","0","0","0","1","Critical: No access control configured","0","","85","85","0","0","0","0","Medium High","0","","","","NotReadable","","","","Microsoft.EventHub/Namespaces/AuthorizationRules:RootManageSharedAccessKey","NotReadable","NotReadable","NotReadable","0","{""env"":""dev""}","C:\Users\cregnier\OneDrive - Intel Corporation\Documents\KeyVaultGapAnalysis\VaultJson\19a8d813-0b3e-484c-9db3-76242c9a0878_kv-axon-ctip-dev.json"
"2025-10-22T20:39:50.3798211-04:00","19a8d813-0b3e-484c-9db3-76242c9a0878","Axon","","axonmldev","/subscriptions/19a8d813-0b3e-484c-9db3-76242c9a0878/resourceGroups/axon-ml/providers/Microsoft.KeyVault/vaults/axonmldev","axon-ml","westus2","","False","False","","Unknown","False","0","0","""""","False","","0","False","","True","","","0","0","0","0","0","0","0","1","Critical: No access control configured","0","","85","85","0","0","0","0","Medium High","0","","","","NotReadable","","","","Microsoft.EventHub/Namespaces/AuthorizationRules:RootManageSharedAccessKey","NotReadable","NotReadable","NotReadable","0","{}","C:\Users\cregnier\OneDrive - Intel Corporation\Documents\KeyVaultGapAnalysis\VaultJson\19a8d813-0b3e-484c-9db3-76242c9a0878_axonmldev.json"
"2025-10-22T20:39:50.3921045-04:00","19a8d813-0b3e-484c-9db3-76242c9a0878","Axon","","kv-axon-ctip-prod","/subscriptions/19a8d813-0b3e-484c-9db3-76242c9a0878/resourceGroups/axon-prod/providers/Microsoft.KeyVault/vaults/kv-axon-ctip-prod","axon-prod","westus2","","False","False","","Unknown","False","0","0","""""","False","","0","False","","True","","","0","0","0","0","0","0","0","1","Critical: No access control configured","0","","85","85","0","0","0","0","Medium High","0","","","","NotReadable","","","","Microsoft.EventHub/Namespaces/AuthorizationRules:RootManageSharedAccessKey","NotReadable","NotReadable","NotReadable","0","{""env"":""PROD""}","C:\Users\cregnier\OneDrive - Intel Corporation\Documents\KeyVaultGapAnalysis\VaultJson\19a8d813-0b3e-484c-9db3-76242c9a0878_kv-axon-ctip-prod.json"
"2025-10-22T20:39:50.4511907-04:00","19a8d813-0b3e-484c-9db3-76242c9a0878","Axon","","axonml-605aa88dd82ab8000","/subscriptions/19a8d813-0b3e-484c-9db3-76242c9a0878/resourceGroups/axon-ml/providers/Microsoft.KeyVault/vaults/axonml-605aa88dd82ab8000","axon-ml","westus2","","False","False","","Unknown","False","0","0","""""","False","","0","False","","True","","","0","0","0","0","0","0","0","1","Critical: No access control configured","0","","85","85","0","0","0","0","Medium High","0","","","","NotReadable","","","","Microsoft.EventHub/Namespaces/AuthorizationRules:RootManageSharedAccessKey","NotReadable","NotReadable","NotReadable","0","{}","C:\Users\cregnier\OneDrive - Intel Corporation\Documents\KeyVaultGapAnalysis\VaultJson\19a8d813-0b3e-484c-9db3-76242c9a0878_axonml-605aa88dd82ab8000.json"
"2025-10-22T20:39:50.4617810-04:00","19a8d813-0b3e-484c-9db3-76242c9a0878","Axon","","axoncosmosdev","/subscriptions/19a8d813-0b3e-484c-9db3-76242c9a0878/resourceGroups/axon-dev/providers/Microsoft.KeyVault/vaults/axoncosmosdev","axon-dev","westus2","","False","False","","Unknown","False","0","0","""""","False","","0","False","","True","","","0","0","0","0","0","0","0","1","Critical: No access control configured","0","","85","85","0","0","0","0","Medium High","0","","","","NotReadable","","","","Microsoft.EventHub/Namespaces/AuthorizationRules:RootManageSharedAccessKey","NotReadable","NotReadable","NotReadable","0","{}","C:\Users\cregnier\OneDrive - Intel Corporation\Documents\KeyVaultGapAnalysis\VaultJson\19a8d813-0b3e-484c-9db3-76242c9a0878_axoncosmosdev.json"
"2025-10-22T20:39:50.5209801-04:00","19a8d813-0b3e-484c-9db3-76242c9a0878","Axon","","axonml-606d38db4d61c1001","/subscriptions/19a8d813-0b3e-484c-9db3-76242c9a0878/resourceGroups/axon-ml/providers/Microsoft.KeyVault/vaults/axonml-606d38db4d61c1001","axon-ml","westus2","","False","False","","Unknown","False","0","0","""""","False","","0","False","","True","","","0","0","0","0","0","0","0","1","Critical: No access control configured","0","","85","85","0","0","0","0","Medium High","0","","","","NotReadable","","","","Microsoft.EventHub/Namespaces/AuthorizationRules:RootManageSharedAccessKey","NotReadable","NotReadable","NotReadable","0","{}","C:\Users\cregnier\OneDrive - Intel Corporation\Documents\KeyVaultGapAnalysis\VaultJson\19a8d813-0b3e-484c-9db3-76242c9a0878_axonml-606d38db4d61c1001.json"
"2025-10-22T20:39:50.5292968-04:00","19a8d813-0b3e-484c-9db3-76242c9a0878","Axon","","axonml-605982a8228499000","/subscriptions/19a8d813-0b3e-484c-9db3-76242c9a0878/resourceGroups/axon-ml/providers/Microsoft.KeyVault/vaults/axonml-605982a8228499000","axon-ml","westus2","","False","False","","Unknown","False","0","0","""""","False","","0","False","","True","","","0","0","0","0","0","0","0","1","Critical: No access control configured","0","","85","85","0","0","0","0","Medium High","0","","","","NotReadable","","","","Microsoft.EventHub/Namespaces/AuthorizationRules:RootManageSharedAccessKey","NotReadable","NotReadable","NotReadable","0","{}","C:\Users\cregnier\OneDrive - Intel Corporation\Documents\KeyVaultGapAnalysis\VaultJson\19a8d813-0b3e-484c-9db3-76242c9a0878_axonml-605982a8228499000.json"
"2025-10-22T20:39:50.5381874-04:00","19a8d813-0b3e-484c-9db3-76242c9a0878","Axon","","axonml-60b6d3a2211175000","/subscriptions/19a8d813-0b3e-484c-9db3-76242c9a0878/resourceGroups/axon-ml/providers/Microsoft.KeyVault/vaults/axonml-60b6d3a2211175000","axon-ml","westus2","","False","False","","Unknown","False","0","0","""""","False","","0","False","","True","","","0","0","0","0","0","0","0","1","Critical: No access control configured","0","","85","85","0","0","0","0","Medium High","0","","","","NotReadable","","","","Microsoft.EventHub/Namespaces/AuthorizationRules:RootManageSharedAccessKey","NotReadable","NotReadable","NotReadable","0","{}","C:\Users\cregnier\OneDrive - Intel Corporation\Documents\KeyVaultGapAnalysis\VaultJson\19a8d813-0b3e-484c-9db3-76242c9a0878_axonml-60b6d3a2211175000.json"
"2025-10-22T20:39:50.6074163-04:00","19a8d813-0b3e-484c-9db3-76242c9a0878","Axon","","axonml-60a3b381c05cca001","/subscriptions/19a8d813-0b3e-484c-9db3-76242c9a0878/resourceGroups/axon-ml/providers/Microsoft.KeyVault/vaults/axonml-60a3b381c05cca001","axon-ml","westus2","","False","False","","Unknown","False","0","0","""""","False","","0","False","","True","","","0","0","0","0","0","0","0","1","Critical: No access control configured","0","","85","85","0","0","0","0","Medium High","0","","","","NotReadable","","","","Microsoft.EventHub/Namespaces/AuthorizationRules:RootManageSharedAccessKey","NotReadable","NotReadable","NotReadable","0","{}","C:\Users\cregnier\OneDrive - Intel Corporation\Documents\KeyVaultGapAnalysis\VaultJson\19a8d813-0b3e-484c-9db3-76242c9a0878_axonml-60a3b381c05cca001.json"
"2025-10-22T20:39:50.6184888-04:00","19a8d813-0b3e-484c-9db3-76242c9a0878","Axon","","axonml-6221c6b4412a9f000","/subscriptions/19a8d813-0b3e-484c-9db3-76242c9a0878/resourceGroups/axon-ml/providers/Microsoft.KeyVault/vaults/axonml-6221c6b4412a9f000","axon-ml","westus2","","False","False","","Unknown","False","0","0","""""","False","","0","False","","True","","","0","0","0","0","0","0","0","1","Critical: No access control configured","0","","85","85","0","0","0","0","Medium High","0","","","","NotReadable","","","","Microsoft.EventHub/Namespaces/AuthorizationRules:RootManageSharedAccessKey","NotReadable","NotReadable","NotReadable","0","{}","C:\Users\cregnier\OneDrive - Intel Corporation\Documents\KeyVaultGapAnalysis\VaultJson\19a8d813-0b3e-484c-9db3-76242c9a0878_axonml-6221c6b4412a9f000.json"
"2025-10-22T20:39:50.6905227-04:00","19a8d813-0b3e-484c-9db3-76242c9a0878","Axon","","kv-axon-adf-test-ktbr","/subscriptions/19a8d813-0b3e-484c-9db3-76242c9a0878/resourceGroups/axon-test/providers/Microsoft.KeyVault/vaults/kv-axon-adf-test-ktbr","axon-test","westus2","","False","False","","Unknown","False","0","0","""""","False","","0","False","","True","","","0","0","0","0","0","0","0","1","Critical: No access control configured","0","","85","85","0","0","0","0","Medium High","0","","","","NotReadable","","","","Microsoft.EventHub/Namespaces/AuthorizationRules:RootManageSharedAccessKey","NotReadable","NotReadable","NotReadable","0","{""env"":""TEST"",""createdBy"":""nburrax""}","C:\Users\cregnier\OneDrive - Intel Corporation\Documents\KeyVaultGapAnalysis\VaultJson\19a8d813-0b3e-484c-9db3-76242c9a0878_kv-axon-adf-test-ktbr.json"
"2025-10-22T20:39:50.7047045-04:00","19a8d813-0b3e-484c-9db3-76242c9a0878","Axon","","kv-axon-adf-dev-asdf","/subscriptions/19a8d813-0b3e-484c-9db3-76242c9a0878/resourceGroups/axon-dev/providers/Microsoft.KeyVault/vaults/kv-axon-adf-dev-asdf","axon-dev","westus2","","False","False","","Unknown","False","0","0","""""","False","","0","False","","True","","","0","0","0","0","0","0","0","1","Critical: No access control configured","0","","85","85","0","0","0","0","Medium High","0","","","","NotReadable","","","","Microsoft.EventHub/Namespaces/AuthorizationRules:RootManageSharedAccessKey","NotReadable","NotReadable","NotReadable","0","{""env"":""DEV"",""createdBy"":""yowchern""}","C:\Users\cregnier\OneDrive - Intel Corporation\Documents\KeyVaultGapAnalysis\VaultJson\19a8d813-0b3e-484c-9db3-76242c9a0878_kv-axon-adf-dev-asdf.json"
"2025-10-22T20:39:50.7586604-04:00","19a8d813-0b3e-484c-9db3-76242c9a0878","Axon","","kv-axon-adf-prod-fghi","/subscriptions/19a8d813-0b3e-484c-9db3-76242c9a0878/resourceGroups/axon-prod/providers/Microsoft.KeyVault/vaults/kv-axon-adf-prod-fghi","axon-prod","westus2","","False","False","","Unknown","False","0","0","""""","False","","0","False","","True","","","0","0","0","0","0","0","0","1","Critical: No access control configured","0","","85","85","0","0","0","0","Medium High","0","","","","NotReadable","","","","Microsoft.EventHub/Namespaces/AuthorizationRules:RootManageSharedAccessKey","NotReadable","NotReadable","NotReadable","0","{""env"":""PROD"",""createdBy"":""sudhar1x""}","C:\Users\cregnier\OneDrive - Intel Corporation\Documents\KeyVaultGapAnalysis\VaultJson\19a8d813-0b3e-484c-9db3-76242c9a0878_kv-axon-adf-prod-fghi.json"
"2025-10-22T20:39:50.7690553-04:00","19a8d813-0b3e-484c-9db3-76242c9a0878","Axon","","axondr-6221c6b4412a9f000","/subscriptions/19a8d813-0b3e-484c-9db3-76242c9a0878/resourceGroups/rg-axon-dr-qwer/providers/Microsoft.KeyVault/vaults/axondr-6221c6b4412a9f000","rg-axon-dr-qwer","westcentralus","","False","False","","Unknown","False","0","0","""""","False","","0","False","","True","","","0","0","0","0","0","0","0","1","Critical: No access control configured","0","","85","85","0","0","0","0","Medium High","0","","","","NotReadable","","","","Microsoft.EventHub/Namespaces/AuthorizationRules:RootManageSharedAccessKey","NotReadable","NotReadable","NotReadable","0","{}","C:\Users\cregnier\OneDrive - Intel Corporation\Documents\KeyVaultGapAnalysis\VaultJson\19a8d813-0b3e-484c-9db3-76242c9a0878_axondr-6221c6b4412a9f000.json"
"2025-10-22T20:39:50.8211655-04:00","19a8d813-0b3e-484c-9db3-76242c9a0878","Axon","","axondr-605982a8228499000","/subscriptions/19a8d813-0b3e-484c-9db3-76242c9a0878/resourceGroups/rg-axon-dr-qwer/providers/Microsoft.KeyVault/vaults/axondr-605982a8228499000","rg-axon-dr-qwer","westcentralus","","False","False","","Unknown","False","0","0","""""","False","","0","False","","True","","","0","0","0","0","0","0","0","1","Critical: No access control configured","0","","85","85","0","0","0","0","Medium High","0","","","","NotReadable","","","","Microsoft.EventHub/Namespaces/AuthorizationRules:RootManageSharedAccessKey","NotReadable","NotReadable","NotReadable","0","{}","C:\Users\cregnier\OneDrive - Intel Corporation\Documents\KeyVaultGapAnalysis\VaultJson\19a8d813-0b3e-484c-9db3-76242c9a0878_axondr-605982a8228499000.json"
"2025-10-22T20:39:50.8292943-04:00","19a8d813-0b3e-484c-9db3-76242c9a0878","Axon","","axondr-60a3b381c05cca001","/subscriptions/19a8d813-0b3e-484c-9db3-76242c9a0878/resourceGroups/rg-axon-dr-qwer/providers/Microsoft.KeyVault/vaults/axondr-60a3b381c05cca001","rg-axon-dr-qwer","westcentralus","","False","False","","Unknown","False","0","0","""""","False","","0","False","","True","","","0","0","0","0","0","0","0","1","Critical: No access control configured","0","","85","85","0","0","0","0","Medium High","0","","","","NotReadable","","","","Microsoft.EventHub/Namespaces/AuthorizationRules:RootManageSharedAccessKey","NotReadable","NotReadable","NotReadable","0","{}","C:\Users\cregnier\OneDrive - Intel Corporation\Documents\KeyVaultGapAnalysis\VaultJson\19a8d813-0b3e-484c-9db3-76242c9a0878_axondr-60a3b381c05cca001.json"
"2025-10-22T20:39:50.8931107-04:00","19a8d813-0b3e-484c-9db3-76242c9a0878","Axon","","axondr-606d38db4d61c1001","/subscriptions/19a8d813-0b3e-484c-9db3-76242c9a0878/resourceGroups/rg-axon-dr-qwer/providers/Microsoft.KeyVault/vaults/axondr-606d38db4d61c1001","rg-axon-dr-qwer","westcentralus","","False","False","","Unknown","False","0","0","""""","False","","0","False","","True","","","0","0","0","0","0","0","0","1","Critical: No access control configured","0","","85","85","0","0","0","0","Medium High","0","","","","NotReadable","","","","Microsoft.EventHub/Namespaces/AuthorizationRules:RootManageSharedAccessKey","NotReadable","NotReadable","NotReadable","0","{}","C:\Users\cregnier\OneDrive - Intel Corporation\Documents\KeyVaultGapAnalysis\VaultJson\19a8d813-0b3e-484c-9db3-76242c9a0878_axondr-606d38db4d61c1001.json"
"2025-10-22T20:39:50.9030742-04:00","19a8d813-0b3e-484c-9db3-76242c9a0878","Axon","","axondr-603744d4f4a3ad000","/subscriptions/19a8d813-0b3e-484c-9db3-76242c9a0878/resourceGroups/rg-axon-dr-qwer/providers/Microsoft.KeyVault/vaults/axondr-603744d4f4a3ad000","rg-axon-dr-qwer","westcentralus","","False","False","","Unknown","False","0","0","""""","False","","0","False","","True","","","0","0","0","0","0","0","0","1","Critical: No access control configured","0","","85","85","0","0","0","0","Medium High","0","","","","NotReadable","","","","Microsoft.EventHub/Namespaces/AuthorizationRules:RootManageSharedAccessKey","NotReadable","NotReadable","NotReadable","0","{}","C:\Users\cregnier\OneDrive - Intel Corporation\Documents\KeyVaultGapAnalysis\VaultJson\19a8d813-0b3e-484c-9db3-76242c9a0878_axondr-603744d4f4a3ad000.json"
"2025-10-22T20:39:50.9621695-04:00","19a8d813-0b3e-484c-9db3-76242c9a0878","Axon","","kv-axonml-dr-qwer","/subscriptions/19a8d813-0b3e-484c-9db3-76242c9a0878/resourceGroups/rg-axon-dr-qwer/providers/Microsoft.KeyVault/vaults/kv-axonml-dr-qwer","rg-axon-dr-qwer","westcentralus","","False","False","","Unknown","False","0","0","""""","False","","0","False","","True","","","0","0","0","0","0","0","0","1","Critical: No access control configured","0","","85","85","0","0","0","0","Medium High","0","","","","NotReadable","","","","Microsoft.EventHub/Namespaces/AuthorizationRules:RootManageSharedAccessKey","NotReadable","NotReadable","NotReadable","0","{}","C:\Users\cregnier\OneDrive - Intel Corporation\Documents\KeyVaultGapAnalysis\VaultJson\19a8d813-0b3e-484c-9db3-76242c9a0878_kv-axonml-dr-qwer.json"
"2025-10-22T20:39:50.9736131-04:00","19a8d813-0b3e-484c-9db3-76242c9a0878","Axon","","axondr-605aa88dd82ab8000","/subscriptions/19a8d813-0b3e-484c-9db3-76242c9a0878/resourceGroups/rg-axon-dr-qwer/providers/Microsoft.KeyVault/vaults/axondr-605aa88dd82ab8000","rg-axon-dr-qwer","westcentralus","","False","False","","Unknown","False","0","0","""""","False","","0","False","","True","","","0","0","0","0","0","0","0","1","Critical: No access control configured","0","","85","85","0","0","0","0","Medium High","0","","","","NotReadable","","","","Microsoft.EventHub/Namespaces/AuthorizationRules:RootManageSharedAccessKey","NotReadable","NotReadable","NotReadable","0","{}","C:\Users\cregnier\OneDrive - Intel Corporation\Documents\KeyVaultGapAnalysis\VaultJson\19a8d813-0b3e-484c-9db3-76242c9a0878_axondr-605aa88dd82ab8000.json"
"2025-10-22T20:39:50.9852081-04:00","19a8d813-0b3e-484c-9db3-76242c9a0878","Axon","","kv-axon-adf-dr-qwer","/subscriptions/19a8d813-0b3e-484c-9db3-76242c9a0878/resourceGroups/rg-axon-dr-qwer/providers/Microsoft.KeyVault/vaults/kv-axon-adf-dr-qwer","rg-axon-dr-qwer","westcentralus","","False","False","","Unknown","False","0","0","""""","False","","0","False","","True","","","0","0","0","0","0","0","0","1","Critical: No access control configured","0","","85","85","0","0","0","0","Medium High","0","","","","NotReadable","","","","Microsoft.EventHub/Namespaces/AuthorizationRules:RootManageSharedAccessKey","NotReadable","NotReadable","NotReadable","0","{}","C:\Users\cregnier\OneDrive - Intel Corporation\Documents\KeyVaultGapAnalysis\VaultJson\19a8d813-0b3e-484c-9db3-76242c9a0878_kv-axon-adf-dr-qwer.json"
"2025-10-22T20:39:51.0380512-04:00","19a8d813-0b3e-484c-9db3-76242c9a0878","Axon","","axondr-60b6d3a2211175000","/subscriptions/19a8d813-0b3e-484c-9db3-76242c9a0878/resourceGroups/rg-axon-dr-qwer/providers/Microsoft.KeyVault/vaults/axondr-60b6d3a2211175000","rg-axon-dr-qwer","westcentralus","","False","False","","Unknown","False","0","0","""""","False","","0","False","","True","","","0","0","0","0","0","0","0","1","Critical: No access control configured","0","","85","85","0","0","0","0","Medium High","0","","","","NotReadable","","","","Microsoft.EventHub/Namespaces/AuthorizationRules:RootManageSharedAccessKey","NotReadable","NotReadable","NotReadable","0","{}","C:\Users\cregnier\OneDrive - Intel Corporation\Documents\KeyVaultGapAnalysis\VaultJson\19a8d813-0b3e-484c-9db3-76242c9a0878_axondr-60b6d3a2211175000.json"
"2025-10-22T20:39:51.0474876-04:00","19a8d813-0b3e-484c-9db3-76242c9a0878","Axon","","axonml-603744d4f4a3ad000","/subscriptions/19a8d813-0b3e-484c-9db3-76242c9a0878/resourceGroups/axon-ml/providers/Microsoft.KeyVault/vaults/axonml-603744d4f4a3ad000","axon-ml","westus2","","False","False","","Unknown","False","0","0","""""","False","","0","False","","False","","","0","0","0","0","0","0","0","2","Critical: No access control configured; High: No diagnostic settings configured","5","Enable Diagnostic Logging","60","60","0","0","0","0","High","0","","","","NotReadable","","","","Microsoft.EventHub/Namespaces/AuthorizationRules:RootManageSharedAccessKey","NotReadable","NotReadable","NotReadable","0","{}","C:\Users\cregnier\OneDrive - Intel Corporation\Documents\KeyVaultGapAnalysis\VaultJson\19a8d813-0b3e-484c-9db3-76242c9a0878_axonml-603744d4f4a3ad000.json"
"2025-10-22T20:39:51.1068768-04:00","07729352-bb2a-4542-b9cd-d94fedadc2dc","Axon PreProd Discrete","","axon-event-grid-vault","/subscriptions/07729352-bb2a-4542-b9cd-d94fedadc2dc/resourceGroups/axon-dev/providers/Microsoft.KeyVault/vaults/axon-event-grid-vault","axon-dev","westus2","","False","False","","Unknown","False","0","0","""""","False","","0","False","","True","","","0","0","0","0","0","0","0","1","Critical: No access control configured","0","","85","85","0","0","0","0","Medium High","0","","","","NotReadable","","","","Microsoft.EventHub/Namespaces/AuthorizationRules:RootManageSharedAccessKey","NotReadable","NotReadable","NotReadable","0","{}","C:\Users\cregnier\OneDrive - Intel Corporation\Documents\KeyVaultGapAnalysis\VaultJson\07729352-bb2a-4542-b9cd-d94fedadc2dc_axon-event-grid-vault.json"
"2025-10-22T20:39:51.1181771-04:00","cd2328e1-e221-4374-b1df-a4108ef18b4b","azpsasdev","","quartusdocaist4096162627","/subscriptions/cd2328e1-e221-4374-b1df-a4108ef18b4b/resourceGroups/quartusdoc/providers/Microsoft.KeyVault/vaults/quartusdocaist4096162627","quartusdoc","eastus","","False","False","","Unknown","False","0","0","""""","False","","0","False","","True","","","0","0","0","0","0","0","0","1","Critical: No access control configured","0","","85","85","0","0","0","0","Medium High","0","","","","NotReadable","","","","Microsoft.EventHub/Namespaces/AuthorizationRules:RootManageSharedAccessKey","NotReadable","NotReadable","NotReadable","0","{""Owner"":""adam.adli@intel.com"",""Project"":""QuartusDoc"",""Purpose"":""Copilot""}","C:\Users\cregnier\OneDrive - Intel Corporation\Documents\KeyVaultGapAnalysis\VaultJson\cd2328e1-e221-4374-b1df-a4108ef18b4b_quartusdocaist4096162627.json"
"2025-10-22T20:39:51.1938808-04:00","cd2328e1-e221-4374-b1df-a4108ef18b4b","azpsasdev","","yipengsecondwo9942582024","/subscriptions/cd2328e1-e221-4374-b1df-a4108ef18b4b/resourceGroups/pd-genai/providers/Microsoft.KeyVault/vaults/yipengsecondwo9942582024","pd-genai","eastus2","","False","False","","Unknown","False","0","0","""""","False","","0","False","","True","","","0","0","0","0","0","0","0","1","Critical: No access control configured","0","","85","85","0","0","0","0","Medium High","0","","","","NotReadable","","","","Microsoft.EventHub/Namespaces/AuthorizationRules:RootManageSharedAccessKey;Microsoft.Storage/storageAccounts:yipengsecondwo6075857680","NotReadable","NotReadable","NotReadable","0","{}","C:\Users\cregnier\OneDrive - Intel Corporation\Documents\KeyVaultGapAnalysis\VaultJson\cd2328e1-e221-4374-b1df-a4108ef18b4b_yipengsecondwo9942582024.json"
"2025-10-22T20:39:51.2067999-04:00","cd2328e1-e221-4374-b1df-a4108ef18b4b","azpsasdev","","autocompletion2970376908","/subscriptions/cd2328e1-e221-4374-b1df-a4108ef18b4b/resourceGroups/pd-genai/providers/Microsoft.KeyVault/vaults/autocompletion2970376908","pd-genai","eastus2","","False","False","","Unknown","False","0","0","""""","False","","0","False","","True","","","0","0","0","0","0","0","0","1","Critical: No access control configured","0","","85","85","0","0","0","0","Medium High","0","","","","NotReadable","","","","Microsoft.EventHub/Namespaces/AuthorizationRules:RootManageSharedAccessKey;Microsoft.Storage/storageAccounts:autocompletion5555444000","NotReadable","NotReadable","NotReadable","0","{}","C:\Users\cregnier\OneDrive - Intel Corporation\Documents\KeyVaultGapAnalysis\VaultJson\cd2328e1-e221-4374-b1df-a4108ef18b4b_autocompletion2970376908.json"
"2025-10-22T20:39:51.2792953-04:00","cd2328e1-e221-4374-b1df-a4108ef18b4b","azpsasdev","","llamafinetunin3438902497","/subscriptions/cd2328e1-e221-4374-b1df-a4108ef18b4b/resourceGroups/pd-genai/providers/Microsoft.KeyVault/vaults/llamafinetunin3438902497","pd-genai","westus3","","False","False","","Unknown","False","0","0","""""","False","","0","False","","True","","","0","0","0","0","0","0","0","1","Critical: No access control configured","0","","85","85","0","0","0","0","Medium High","0","","","","NotReadable","","","","Microsoft.Storage/storageAccounts:llamafinetunin1578644579","NotReadable","NotReadable","NotReadable","0","{}","C:\Users\cregnier\OneDrive - Intel Corporation\Documents\KeyVaultGapAnalysis\VaultJson\cd2328e1-e221-4374-b1df-a4108ef18b4b_llamafinetunin3438902497.json"
"2025-10-22T20:39:51.2901286-04:00","84b7d9ed-3aca-4532-a9b0-9a448e7d4f35","Azure Stack HCI - Virtualization Cluster","","clusternode4a-hcikv","/subscriptions/84b7d9ed-3aca-4532-a9b0-9a448e7d4f35/resourceGroups/dinoco/providers/Microsoft.KeyVault/vaults/clusternode4a-hcikv","dinoco","westeurope","","False","False","","Unknown","False","0","0","""""","False","","0","False","","True","","","0","0","0","0","0","0","0","1","Critical: No access control configured","0","","85","85","0","0","0","0","Medium High","0","","","","NotReadable","","","","Microsoft.EventHub/Namespaces/AuthorizationRules:RootManageSharedAccessKey;Microsoft.Storage/storageAccounts:clusternode46ef658c932d7","NotReadable","NotReadable","NotReadable","0","{}","C:\Users\cregnier\OneDrive - Intel Corporation\Documents\KeyVaultGapAnalysis\VaultJson\84b7d9ed-3aca-4532-a9b0-9a448e7d4f35_clusternode4a-hcikv.json"
"2025-10-22T20:39:51.3568308-04:00","84b7d9ed-3aca-4532-a9b0-9a448e7d4f35","Azure Stack HCI - Virtualization Cluster","","hpecluster-hcikv","/subscriptions/84b7d9ed-3aca-4532-a9b0-9a448e7d4f35/resourceGroups/dinoco/providers/Microsoft.KeyVault/vaults/hpecluster-hcikv","dinoco","westeurope","","False","False","","Unknown","False","0","0","""""","False","","0","False","","True","","","0","0","0","0","0","0","0","1","Critical: No access control configured","0","","85","85","0","0","0","0","Medium High","0","","","","NotReadable","","","","Microsoft.EventHub/Namespaces/AuthorizationRules:RootManageSharedAccessKey;Microsoft.Storage/storageAccounts:hpeclusteraube5d14d78a10","NotReadable","NotReadable","NotReadable","0","{}","C:\Users\cregnier\OneDrive - Intel Corporation\Documents\KeyVaultGapAnalysis\VaultJson\84b7d9ed-3aca-4532-a9b0-9a448e7d4f35_hpecluster-hcikv.json"
"2025-10-22T20:39:51.3678532-04:00","84b7d9ed-3aca-4532-a9b0-9a448e7d4f35","Azure Stack HCI - Virtualization Cluster","","cluster061025a-hcikv","/subscriptions/84b7d9ed-3aca-4532-a9b0-9a448e7d4f35/resourceGroups/dinoco/providers/Microsoft.KeyVault/vaults/cluster061025a-hcikv","dinoco","westeurope","","False","False","","Unknown","False","0","0","""""","False","","0","False","","True","","","0","0","0","0","0","0","0","1","Critical: No access control configured","0","","85","85","0","0","0","0","Medium High","0","","","","NotReadable","","","","Microsoft.EventHub/Namespaces/AuthorizationRules:RootManageSharedAccessKey;Microsoft.Storage/storageAccounts:cluster061026da108542cb1","NotReadable","NotReadable","NotReadable","0","{}","C:\Users\cregnier\OneDrive - Intel Corporation\Documents\KeyVaultGapAnalysis\VaultJson\84b7d9ed-3aca-4532-a9b0-9a448e7d4f35_cluster061025a-hcikv.json"
"2025-10-22T20:39:51.4474452-04:00","a8b6da83-61b8-441b-bd3d-12240d114135","Azure Tech Acceptance","","ipextorchtest5626588194","/subscriptions/a8b6da83-61b8-441b-bd3d-12240d114135/resourceGroups/AzureML_ipex_torch_test/providers/Microsoft.KeyVault/vaults/ipextorchtest5626588194","AzureML_ipex_torch_test","eastus","","False","False","","Unknown","False","0","0","""""","False","","0","False","","True","","","0","0","0","0","0","0","0","1","Critical: No access control configured","0","","85","85","0","0","0","0","Medium High","0","","","","NotReadable","","","","Microsoft.EventHub/Namespaces/AuthorizationRules:RootManageSharedAccessKey;Microsoft.Storage/storageAccounts:ipextorchtest8562835117","NotReadable","NotReadable","NotReadable","0","{}","C:\Users\cregnier\OneDrive - Intel Corporation\Documents\KeyVaultGapAnalysis\VaultJson\a8b6da83-61b8-441b-bd3d-12240d114135_ipextorchtest5626588194.json"
"2025-10-22T20:39:51.4563897-04:00","9f30a71d-12a2-42e2-badd-7f15da18469c","azure-neural-compressor","","incmiiws8307481337","/subscriptions/9f30a71d-12a2-42e2-badd-7f15da18469c/resourceGroups/INC/providers/Microsoft.KeyVault/vaults/incmiiws8307481337","INC","eastus","","False","False","","Unknown","False","0","0","""""","False","","0","False","","True","","","0","0","0","0","0","0","0","1","Critical: No access control configured","0","","85","85","0","0","0","0","Medium High","0","","","","NotReadable","","","","Microsoft.EventHub/Namespaces/AuthorizationRules:RootManageSharedAccessKey;Microsoft.Storage/storageAccounts:incmiiws5691093025","NotReadable","NotReadable","NotReadable","0","{}","C:\Users\cregnier\OneDrive - Intel Corporation\Documents\KeyVaultGapAnalysis\VaultJson\9f30a71d-12a2-42e2-badd-7f15da18469c_incmiiws8307481337.json"
"2025-10-22T20:39:51.5164399-04:00","9f30a71d-12a2-42e2-badd-7f15da18469c","azure-neural-compressor","","inctest3712228668","/subscriptions/9f30a71d-12a2-42e2-badd-7f15da18469c/resourceGroups/INC/providers/Microsoft.KeyVault/vaults/inctest3712228668","INC","eastus","","False","False","","Unknown","False","0","0","""""","False","","0","False","","True","","","0","0","0","0","0","0","0","1","Critical: No access control configured","0","","85","85","0","0","0","0","Medium High","0","","","","NotReadable","","","","Microsoft.EventHub/Namespaces/AuthorizationRules:RootManageSharedAccessKey;Microsoft.Storage/storageAccounts:inctest9763242487","NotReadable","NotReadable","NotReadable","0","{}","C:\Users\cregnier\OneDrive - Intel Corporation\Documents\KeyVaultGapAnalysis\VaultJson\9f30a71d-12a2-42e2-badd-7f15da18469c_inctest3712228668.json"
"2025-10-22T20:39:51.5257153-04:00","ab94842d-2ba1-44c8-9d9c-ba3bf851581e","AzureAD B2C CD","","kv-b2c-cd","/subscriptions/ab94842d-2ba1-44c8-9d9c-ba3bf851581e/resourceGroups/RG-NETWORK-WESTUS2/providers/Microsoft.KeyVault/vaults/kv-b2c-cd","RG-NETWORK-WESTUS2","westus2","","False","False","","Unknown","False","0","0","""""","False","","0","False","","True","","","0","0","0","0","0","0","0","1","Critical: No access control configured","0","","85","85","0","0","0","0","Medium High","0","","","","NotReadable","","","","Microsoft.EventHub/Namespaces/AuthorizationRules:RootManageSharedAccessKey;Microsoft.OperationalInsights/workspaces:appinsights-6a2fhenystlew;Microsoft.OperationalInsights/workspaces:DefaultWorkspace-ab94842d-2ba1-44c8-9d9c-ba3bf851581e-WUS2","NotReadable","NotReadable","NotReadable","0","{}","C:\Users\cregnier\OneDrive - Intel Corporation\Documents\KeyVaultGapAnalysis\VaultJson\ab94842d-2ba1-44c8-9d9c-ba3bf851581e_kv-b2c-cd.json"
"2025-10-22T20:39:51.5376576-04:00","ab94842d-2ba1-44c8-9d9c-ba3bf851581e","AzureAD B2C CD","","kv-b2c-cd-autoacct","/subscriptions/ab94842d-2ba1-44c8-9d9c-ba3bf851581e/resourceGroups/RG-AUTOMATION-WESTUS2/providers/Microsoft.KeyVault/vaults/kv-b2c-cd-autoacct","RG-AUTOMATION-WESTUS2","westus2","","False","False","","Unknown","False","0","0","""""","False","","0","False","","True","","","0","0","0","0","0","0","0","1","Critical: No access control configured","0","","85","85","0","0","0","0","Medium High","0","","","","NotReadable","","","","Microsoft.EventHub/Namespaces/AuthorizationRules:RootManageSharedAccessKey","NotReadable","NotReadable","NotReadable","0","{}","C:\Users\cregnier\OneDrive - Intel Corporation\Documents\KeyVaultGapAnalysis\VaultJson\ab94842d-2ba1-44c8-9d9c-ba3bf851581e_kv-b2c-cd-autoacct.json"
"2025-10-22T20:39:51.6430406-04:00","ab94842d-2ba1-44c8-9d9c-ba3bf851581e","AzureAD B2C CD","","kv-is3kl6dvirxgyh6","/subscriptions/ab94842d-2ba1-44c8-9d9c-ba3bf851581e/resourceGroups/RG-IDENTITYSERVICE-WESTUS3/providers/Microsoft.KeyVault/vaults/kv-is3kl6dvirxgyh6","RG-IDENTITYSERVICE-WESTUS3","westus3","","False","False","","Unknown","False","0","0","""""","False","","0","False","","True","","","0","0","0","0","0","0","0","1","Critical: No access control configured","0","","85","85","0","0","0","0","Medium High","0","","","","NotReadable","","","","Microsoft.EventHub/Namespaces/AuthorizationRules:IdentitySynchronizationService","NotReadable","NotReadable","NotReadable","0","{}","C:\Users\cregnier\OneDrive - Intel Corporation\Documents\KeyVaultGapAnalysis\VaultJson\ab94842d-2ba1-44c8-9d9c-ba3bf851581e_kv-is3kl6dvirxgyh6.json"
"2025-10-22T20:39:51.6526905-04:00","41c02185-99ef-497e-906a-06962163bcf7","AzureAD B2C PP","","kv-b2c-pp","/subscriptions/41c02185-99ef-497e-906a-06962163bcf7/resourceGroups/RG-NETWORK-WESTUS2/providers/Microsoft.KeyVault/vaults/kv-b2c-pp","RG-NETWORK-WESTUS2","westus2","","False","False","","Unknown","False","0","0","""""","False","","0","False","","True","","","0","0","0","0","0","0","0","1","Critical: No access control configured","0","","85","85","0","0","0","0","Medium High","0","","","","NotReadable","","","","Microsoft.EventHub/Namespaces/AuthorizationRules:RootManageSharedAccessKey;Microsoft.OperationalInsights/workspaces:appinsights-lrjvxvdulxsrq","NotReadable","NotReadable","NotReadable","0","{}","C:\Users\cregnier\OneDrive - Intel Corporation\Documents\KeyVaultGapAnalysis\VaultJson\41c02185-99ef-497e-906a-06962163bcf7_kv-b2c-pp.json"
